{"type": "FeatureCollection", "features": [{"id": "12", "type": "Feature", "properties": {"STATEFP20": "06", "PUMACE20": "03768", "GEOID20": "0603768", "NAMELSAD20": "Los Angeles County (Southwest)--Palos Verdes Peninsula PUMA", "MTFCC20": "G6120", "FUNCSTAT20": "S", "ALAND20": 418183705, "AWATER20": 1254242944, "INTPTLAT20": "+33.3684507", "INTPTLON20": "-118.4627235", "GEOID10": "0603768"}, "geometry": {"type": "MultiPolygon", "coordinates": [[[[-118.678204, 33.039726], [-118.675605, 33.049349], [-118.663846, 33.066846], [-118.654363, 33.074952], [-118.641301, 33.081882], [-118.632642, 33.084539], [-118.619621, 33.086719], [-118.578337, 33.086243], [-118.552627, 33.078633], [-118.542103, 33.073788], [-118.523727, 33.059972], [-118.514966, 33.049889], [-118.507663, 33.037883], [-118.495582, 33.026336], [-118.491132, 33.017923], [-118.489497, 33.01063], [-118.448863, 32.96175], [-118.423338, 32.946483], [-118.390787, 32.917841], [-118.362519, 32.900117], [-118.337457, 32.879748], [-118.328898, 32.875037], [-118.31739, 32.863765], [-118.310343, 32.859505], [-118.29725, 32.845094], [-118.289894, 32.829383], [-118.288784, 32.820829], [-118.289905, 32.81053], [-118.295841, 32.798256], [-118.302848, 32.788846], [-118.323819, 32.773514], [-118.343192, 32.767062], [-118.353494, 32.765807], [-118.378377, 32.770232], [-118.392557, 32.758501], [-118.408322, 32.751914], [-118.419799, 32.75004], [-118.436538, 32.75004], [-118.453808, 32.755111], [-118.464712, 32.760176], [-118.473906, 32.766824], [-118.484974, 32.779158], [-118.50765, 32.796877], [-118.520433, 32.801963], [-118.538197, 32.81277], [-118.553186, 32.828797], [-118.562528, 32.849438], [-118.59693, 32.890466], [-118.605289, 32.90854], [-118.605471, 32.918204], [-118.608802, 32.92769], [-118.622117, 32.941434], [-118.635522, 32.9656], [-118.644732, 33.000033], [-118.670173, 33.000034], [-118.678551, 33.026356], [-118.678204, 33.039726]]], [[[-118.293146, 33.396262], [-118.27721, 33.380743], [-118.262748, 33.37044], [-118.251379, 33.353397], [-118.245102, 33.338341], [-118.241286, 33.323023], [-118.242701, 33.303113], [-118.24594, 33.291061], [-118.250903, 33.280465], [-118.259178, 33.272505], [-118.280703, 33.259092], [-118.292458, 33.254078], [-118.313773, 33.249138], [-118.327993, 33.248083], [-118.343772, 33.25003], [-118.363311, 33.255074], [-118.381487, 33.262298], [-118.385589, 33.265358], [-118.402557, 33.267937], [-118.427519, 33.265963], [-118.455072, 33.269019], [-118.471459, 33.272891], [-118.486688, 33.276905], [-118.510386, 33.289659], [-118.534885, 33.315176], [-118.547476, 33.34048], [-118.551193, 33.369352], [-118.547929, 33.376799], [-118.553376, 33.380226], [-118.573197, 33.383479], [-118.607228, 33.398294], [-118.618574, 33.406191], [-118.625917, 33.414265], [-118.630734, 33.423203], [-118.655057, 33.44531], [-118.66175, 33.456317], [-118.665919, 33.467334], [-118.668203, 33.485937], [-118.666719, 33.49349], [-118.659924, 33.50576], [-118.647859, 33.51821], [-118.644058, 33.521284], [-118.625916, 33.528978], [-118.612158, 33.53185], [-118.599756, 33.532321], [-118.589719, 33.531978], [-118.579144, 33.52841], [-118.567188, 33.529482], [-118.55775, 33.528328], [-118.546602, 33.530841], [-118.533639, 33.531442], [-118.523236, 33.530153], [-118.506757, 33.524911], [-118.493335, 33.515726], [-118.477276, 33.515434], [-118.462853, 33.510427], [-118.44755, 33.500025], [-118.436835, 33.489443], [-118.427095, 33.487161], [-118.420841, 33.481782], [-118.40323, 33.479267], [-118.359393, 33.464922], [-118.350918, 33.457818], [-118.332773, 33.448044], [-118.316351, 33.434137], [-118.310947, 33.425137], [-118.306591, 33.407155], [-118.304102, 33.403632], [-118.293146, 33.396262]]], [[[-118.318512, 33.734879], [-118.318531, 33.731987], [-118.320908, 33.731056], [-118.32101, 33.729397], [-118.328472, 33.729422], [-118.333057, 33.721862], [-118.335337, 33.71421], [-118.328345, 33.709506], [-118.295207, 33.696923], [-118.28354, 33.699792], [-118.271128, 33.698876], [-118.271804, 33.704964], [-118.265618, 33.70387], [-118.206231, 33.723147], [-118.136818, 33.72308], [-118.175842, 33.723229], [-118.178856, 33.745623], [-118.175239, 33.75067], [-118.165187, 33.747139], [-118.165741, 33.739433], [-118.145315, 33.73772], [-118.142309, 33.733593], [-118.138088, 33.735104], [-118.124447, 33.729566], [-118.147806, 33.694083], [-118.16583, 33.691563], [-118.237008, 33.690595], [-118.254528, 33.67507], [-118.274239, 33.663429], [-118.319135, 33.659547], [-118.345415, 33.663427], [-118.377171, 33.678953], [-118.385931, 33.686712], [-118.428637, 33.701266], [-118.466962, 33.725524], [-118.482284, 33.748686], [-118.425449, 33.76085], [-118.428963, 33.766381], [-118.427799, 33.769168], [-118.43306, 33.772807], [-118.432734, 33.775826], [-118.419038, 33.789951], [-118.411417, 33.792616], [-118.412528, 33.797208], [-118.406287, 33.802312], [-118.401197, 33.80427], [-118.398125, 33.815408], [-118.386862, 33.814777], [-118.384429, 33.819018], [-118.348134, 33.803775], [-118.329265, 33.789649], [-118.326446, 33.789545], [-118.32819, 33.790265], [-118.328091, 33.800863], [-118.325952, 33.800857], [-118.325943, 33.803326], [-118.327924, 33.803334], [-118.327941, 33.806862], [-118.311704, 33.807645], [-118.311748, 33.802216], [-118.30879, 33.802217], [-118.309486, 33.779053], [-118.307889, 33.779459], [-118.306427, 33.774958], [-118.308923, 33.774964], [-118.311606, 33.763051], [-118.309035, 33.762678], [-118.309038, 33.760515], [-118.301878, 33.760511], [-118.301, 33.757721], [-118.309087, 33.757728], [-118.309614, 33.746791], [-118.318449, 33.746842], [-118.318477, 33.742617], [-118.320029, 33.741492], [-118.318505, 33.736339], [-118.320373, 33.73577], [-118.318512, 33.734879]]]]}}, {"id": "13", "type": "Feature", "properties": {"STATEFP20": "06", "PUMACE20": "03760", "GEOID20": "0603760", "NAMELSAD20": "Los Angeles County--Redondo Beach, Manhattan Beach & Hermosa Beach Cities PUMA", "MTFCC20": "G6120", "FUNCSTAT20": "S", "ALAND20": 44078305, "AWATER20": 214613768, "INTPTLAT20": "+33.9103673", "INTPTLON20": "-118.4250795", "GEOID10": "0603760"}, "geometry": {"type": "Polygon", "coordinates": [[[-118.383454, 33.818684], [-118.38538, 33.818921], [-118.386862, 33.814777], [-118.398125, 33.815408], [-118.401197, 33.80427], [-118.406287, 33.802312], [-118.412528, 33.797208], [-118.411417, 33.792616], [-118.419038, 33.789951], [-118.432734, 33.775826], [-118.43306, 33.772807], [-118.427799, 33.769168], [-118.428963, 33.766381], [-118.425449, 33.76085], [-118.482284, 33.748686], [-118.485577, 33.753664], [-118.487768, 33.779865], [-118.484483, 33.803154], [-118.469153, 33.818679], [-118.450538, 33.832265], [-118.443968, 33.839057], [-118.447254, 33.84876], [-118.47682, 33.889513], [-118.500912, 33.918621], [-118.508627, 33.932517], [-118.523447, 33.953049], [-118.533474, 33.961794], [-118.548417, 33.97997], [-118.557356, 33.987673], [-118.569687, 33.988811], [-118.586577, 33.987013], [-118.594079, 33.988065], [-118.604389, 33.986283], [-118.625916, 33.987233], [-118.628862, 33.986153], [-118.635977, 34.032554], [-118.623601, 34.033757], [-118.608493, 34.032547], [-118.596306, 34.03548], [-118.583083, 34.033355], [-118.567281, 34.03841], [-118.556773, 34.035276], [-118.550209, 34.036712], [-118.544486, 34.035748], [-118.52219, 34.025361], [-118.505885, 34.013035], [-118.500973, 34.006397], [-118.4952, 34.004094], [-118.465147, 33.967442], [-118.466203, 33.961747], [-118.452332, 33.942996], [-118.437121, 33.916393], [-118.422221, 33.916329], [-118.422222, 33.919957], [-118.424391, 33.919958], [-118.424396, 33.92177], [-118.426571, 33.921769], [-118.42766, 33.923582], [-118.428775, 33.93097], [-118.378728, 33.930895], [-118.378373, 33.920008], [-118.376532, 33.920009], [-118.376527, 33.917182], [-118.374325, 33.917186], [-118.378625, 33.915373], [-118.378721, 33.894646], [-118.36129, 33.894653], [-118.36129, 33.872858], [-118.354711, 33.872854], [-118.352509, 33.874317], [-118.352461, 33.865526], [-118.358956, 33.865542], [-118.358376, 33.862723], [-118.353627, 33.858316], [-118.37549, 33.858256], [-118.375063, 33.856148], [-118.37837, 33.854952], [-118.372849, 33.827275], [-118.374416, 33.827402], [-118.37443, 33.815656], [-118.383454, 33.818684]]]}}, {"id": "33", "type": "Feature", "properties": {"STATEFP20": "06", "PUMACE20": "03766", "GEOID20": "0603766", "NAMELSAD20": "Los Angeles County (South)--Long Beach City (Southwest & Port) PUMA", "MTFCC20": "G6120", "FUNCSTAT20": "S", "ALAND20": 29614400, "AWATER20": 18143606, "INTPTLAT20": "+33.7580690", "INTPTLON20": "-118.2115426", "GEOID10": "0603766"}, "geometry": {"type": "Polygon", "coordinates": [[[-118.1848, 33.734937], [-118.180838, 33.723072], [-118.206231, 33.723147], [-118.231764, 33.714892], [-118.248966, 33.755902], [-118.240767, 33.758296], [-118.24545, 33.763889], [-118.220669, 33.782537], [-118.227681, 33.789971], [-118.222436, 33.804152], [-118.222442, 33.811879], [-118.184579, 33.811635], [-118.184582, 33.804331], [-118.181734, 33.804231], [-118.18066, 33.799798], [-118.180679, 33.77368], [-118.183853, 33.762956], [-118.179601, 33.759087], [-118.185695, 33.756905], [-118.188111, 33.750649], [-118.190055, 33.749519], [-118.1848, 33.734937]]]}}, {"id": "34", "type": "Feature", "properties": {"STATEFP20": "06", "PUMACE20": "03767", "GEOID20": "0603767", "NAMELSAD20": "Los Angeles County (South)--LA City (South/San Pedro) PUMA", "MTFCC20": "G6120", "FUNCSTAT20": "S", "ALAND20": 68317842, "AWATER20": 19190527, "INTPTLAT20": "+33.7548513", "INTPTLON20": "-118.2828470", "GEOID10": "0603767"}, "geometry": {"type": "Polygon", "coordinates": [[[-118.292972, 33.697778], [-118.297995, 33.697045], [-118.299169, 33.698816], [-118.328345, 33.709506], [-118.335337, 33.71421], [-118.333057, 33.721862], [-118.328472, 33.729422], [-118.32101, 33.729397], [-118.320908, 33.731056], [-118.318531, 33.731987], [-118.31851, 33.735251], [-118.320373, 33.73577], [-118.318505, 33.736339], [-118.320029, 33.741492], [-118.318477, 33.742617], [-118.318449, 33.746842], [-118.309614, 33.746791], [-118.309087, 33.757728], [-118.301, 33.757721], [-118.301878, 33.760511], [-118.309038, 33.760515], [-118.309035, 33.762678], [-118.311606, 33.763051], [-118.308923, 33.774964], [-118.306427, 33.774958], [-118.309924, 33.781947], [-118.308709, 33.782215], [-118.309296, 33.808805], [-118.308254, 33.809014], [-118.309149, 33.859952], [-118.290524, 33.859541], [-118.290518, 33.854223], [-118.285254, 33.854157], [-118.286017, 33.846253], [-118.299207, 33.846319], [-118.299146, 33.797796], [-118.264585, 33.799127], [-118.264593, 33.804536], [-118.256512, 33.804774], [-118.258445, 33.799442], [-118.237508, 33.800508], [-118.23004, 33.792547], [-118.223914, 33.80647], [-118.228503, 33.824375], [-118.226622, 33.829531], [-118.222442, 33.812452], [-118.222436, 33.804152], [-118.227681, 33.789971], [-118.220669, 33.782537], [-118.24545, 33.763889], [-118.240767, 33.758296], [-118.248966, 33.755902], [-118.231744, 33.714854], [-118.265618, 33.70387], [-118.271804, 33.704964], [-118.271128, 33.698876], [-118.28354, 33.699792], [-118.292972, 33.697778]]]}}, {"id": "35", "type": "Feature", "properties": {"STATEFP20": "06", "PUMACE20": "03748", "GEOID20": "0603748", "NAMELSAD20": "Los Angeles County--LA (Southwest/Marina del Rey & Westchester) & Culver City Cities PUMA", "MTFCC20": "G6120", "FUNCSTAT20": "S", "ALAND20": 71099587, "AWATER20": 7611001, "INTPTLAT20": "+33.9720392", "INTPTLON20": "-118.4126621", "GEOID10": "0603748"}, "geometry": {"type": "Polygon", "coordinates": [[[-118.375301, 33.961738], [-118.378485, 33.958656], [-118.378843, 33.952647], [-118.370057, 33.952672], [-118.370033, 33.930929], [-118.368387, 33.930946], [-118.368375, 33.929021], [-118.378724, 33.929008], [-118.378869, 33.930923], [-118.428775, 33.93097], [-118.42766, 33.923582], [-118.426571, 33.921769], [-118.424396, 33.92177], [-118.424391, 33.919958], [-118.422222, 33.919957], [-118.422221, 33.916329], [-118.436981, 33.916308], [-118.452332, 33.942996], [-118.466203, 33.961747], [-118.465147, 33.967442], [-118.479841, 33.98552], [-118.470647, 33.991834], [-118.465962, 33.990634], [-118.460925, 33.997999], [-118.459204, 33.99717], [-118.456208, 34.001478], [-118.451072, 34.003409], [-118.446258, 33.997142], [-118.441966, 33.999298], [-118.44017, 33.99694], [-118.44335, 33.995317], [-118.442457, 33.993599], [-118.428489, 34.001344], [-118.42598, 33.99807], [-118.4204, 33.998688], [-118.418239, 34.000619], [-118.421249, 34.004422], [-118.417344, 34.006749], [-118.421411, 34.010324], [-118.406864, 34.018574], [-118.40546, 34.016854], [-118.400476, 34.019897], [-118.401285, 34.021087], [-118.398796, 34.020862], [-118.397455, 34.021662], [-118.39835, 34.022917], [-118.387171, 34.0294], [-118.369577, 34.03508], [-118.371901, 34.029929], [-118.37622, 34.028646], [-118.378189, 34.019217], [-118.379666, 34.019309], [-118.377626, 34.01793], [-118.372675, 34.018357], [-118.37407, 34.015134], [-118.373093, 34.011913], [-118.385217, 34.012608], [-118.390986, 34.00167], [-118.382714, 34.000401], [-118.386061, 33.993483], [-118.383605, 33.992168], [-118.388007, 33.988911], [-118.382482, 33.988952], [-118.382519, 33.990935], [-118.379004, 33.992295], [-118.37884, 33.996689], [-118.376961, 33.998043], [-118.366472, 33.998571], [-118.357888, 33.997112], [-118.355794, 34.000771], [-118.349727, 34.004975], [-118.34736, 34.004654], [-118.349291, 33.998928], [-118.345017, 33.994949], [-118.344324, 33.990743], [-118.344857, 33.989396], [-118.352681, 33.989335], [-118.352683, 33.983059], [-118.370341, 33.981636], [-118.370148, 33.967993], [-118.372897, 33.967607], [-118.371239, 33.963367], [-118.375301, 33.961738]]]}}, {"id": "36", "type": "Feature", "properties": {"STATEFP20": "06", "PUMACE20": "03728", "GEOID20": "0603728", "NAMELSAD20": "Los Angeles County (Southwest)--Santa Monica City PUMA", "MTFCC20": "G6120", "FUNCSTAT20": "S", "ALAND20": 24783198, "AWATER20": 1781190, "INTPTLAT20": "+34.0182905", "INTPTLON20": "-118.4816102", "GEOID10": "0603728"}, "geometry": {"type": "Polygon", "coordinates": [[[-118.453863, 34.001935], [-118.456208, 34.001478], [-118.459204, 33.99717], [-118.460925, 33.997999], [-118.465962, 33.990634], [-118.470647, 33.991834], [-118.479841, 33.98552], [-118.4952, 34.004094], [-118.500973, 34.006397], [-118.505885, 34.013035], [-118.519421, 34.023543], [-118.508672, 34.032975], [-118.507555, 34.04007], [-118.503965, 34.040724], [-118.494468, 34.05056], [-118.483766, 34.04143], [-118.477869, 34.046379], [-118.459175, 34.031328], [-118.457704, 34.031638], [-118.457138, 34.029736], [-118.453065, 34.02804], [-118.443517, 34.016576], [-118.455995, 34.00999], [-118.451072, 34.003409], [-118.453863, 34.001935]]]}}, {"id": "55", "type": "Feature", "properties": {"STATEFP20": "06", "PUMACE20": "03761", "GEOID20": "0603761", "NAMELSAD20": "Los Angeles County (South Central)--Torrance City PUMA", "MTFCC20": "G6120", "FUNCSTAT20": "S", "ALAND20": 46483680, "AWATER20": 79168, "INTPTLAT20": "+33.8378688", "INTPTLON20": "-118.3386877", "GEOID10": "0603761"}, "geometry": {"type": "Polygon", "coordinates": [[[-118.32753, 33.806862], [-118.327924, 33.803334], [-118.325943, 33.803326], [-118.325952, 33.800857], [-118.328091, 33.800863], [-118.32819, 33.790265], [-118.326446, 33.789545], [-118.33068, 33.790289], [-118.348134, 33.803775], [-118.374432, 33.815565], [-118.374416, 33.827402], [-118.372849, 33.827275], [-118.37837, 33.854952], [-118.375063, 33.856148], [-118.37549, 33.858256], [-118.353627, 33.858316], [-118.358376, 33.862723], [-118.358956, 33.865542], [-118.352461, 33.865526], [-118.352509, 33.874317], [-118.313476, 33.887061], [-118.313451, 33.872937], [-118.30912, 33.872944], [-118.30879, 33.802217], [-118.311748, 33.802216], [-118.311704, 33.807645], [-118.32753, 33.806862]]]}}, {"id": "56", "type": "Feature", "properties": {"STATEFP20": "06", "PUMACE20": "03759", "GEOID20": "0603759", "NAMELSAD20": "Los Angeles County (South Central)--Hawthorne City PUMA", "MTFCC20": "G6120", "FUNCSTAT20": "S", "ALAND20": 21781490, "AWATER20": 28948, "INTPTLAT20": "+33.9176993", "INTPTLON20": "-118.3497524", "GEOID10": "0603759"}, "geometry": {"type": "Polygon", "coordinates": [[[-118.336757, 33.926104], [-118.326431, 33.926071], [-118.326245, 33.929187], [-118.322225, 33.929186], [-118.32222, 33.930798], [-118.308935, 33.930902], [-118.308997, 33.916443], [-118.326501, 33.916446], [-118.326492, 33.901932], [-118.335182, 33.901921], [-118.335174, 33.894663], [-118.344382, 33.894651], [-118.34383, 33.902433], [-118.348883, 33.902439], [-118.352004, 33.901289], [-118.358556, 33.902354], [-118.358553, 33.900552], [-118.361257, 33.901438], [-118.361286, 33.897022], [-118.368879, 33.897013], [-118.365858, 33.894643], [-118.378721, 33.894646], [-118.378625, 33.915373], [-118.37433, 33.916586], [-118.376527, 33.917182], [-118.376532, 33.920009], [-118.378373, 33.920008], [-118.378429, 33.929008], [-118.368375, 33.929021], [-118.368387, 33.930946], [-118.370033, 33.930929], [-118.370035, 33.943104], [-118.369012, 33.941795], [-118.343902, 33.941833], [-118.343875, 33.930942], [-118.336297, 33.930943], [-118.336757, 33.926104]]]}}, {"id": "77", "type": "Feature", "properties": {"STATEFP20": "06", "PUMACE20": "03763", "GEOID20": "0603763", "NAMELSAD20": "Los Angeles County (South Central)--Long Beach City (North) PUMA", "MTFCC20": "G6120", "FUNCSTAT20": "S", "ALAND20": 34388946, "AWATER20": 772213, "INTPTLAT20": "+33.8493465", "INTPTLON20": "-118.1854060", "GEOID10": "0603763"}, "geometry": {"type": "Polygon", "coordinates": [[[-118.164306, 33.832417], [-118.164643, 33.820047], [-118.18458, 33.81862], [-118.184579, 33.811635], [-118.222442, 33.811879], [-118.224576, 33.824381], [-118.207368, 33.826429], [-118.208752, 33.833473], [-118.205912, 33.846484], [-118.206656, 33.848606], [-118.201123, 33.860827], [-118.203553, 33.861105], [-118.206321, 33.870343], [-118.205498, 33.874287], [-118.208482, 33.874796], [-118.208874, 33.881292], [-118.187892, 33.881457], [-118.186665, 33.88553], [-118.177435, 33.885359], [-118.177427, 33.881952], [-118.151315, 33.881987], [-118.15124, 33.868916], [-118.146651, 33.868936], [-118.146594, 33.86031], [-118.156991, 33.860184], [-118.155501, 33.854401], [-118.167704, 33.854258], [-118.167559, 33.84694], [-118.164322, 33.847056], [-118.164306, 33.832417]]]}}, {"id": "78", "type": "Feature", "properties": {"STATEFP20": "06", "PUMACE20": "03762", "GEOID20": "0603762", "NAMELSAD20": "Los Angeles County (South Central)--Carson City PUMA", "MTFCC20": "G6120", "FUNCSTAT20": "S", "ALAND20": 56744690, "AWATER20": 645322, "INTPTLAT20": "+33.8376221", "INTPTLON20": "-118.2609578", "GEOID10": "0603762"}, "geometry": {"type": "Polygon", "coordinates": [[[-118.225341, 33.810901], [-118.224029, 33.805675], [-118.23004, 33.792547], [-118.237508, 33.800508], [-118.258445, 33.799442], [-118.256512, 33.804774], [-118.264593, 33.804536], [-118.264585, 33.799127], [-118.299146, 33.797796], [-118.299207, 33.846319], [-118.286017, 33.846253], [-118.285254, 33.854157], [-118.290518, 33.854223], [-118.290523, 33.858699], [-118.281555, 33.862802], [-118.283204, 33.896948], [-118.282254, 33.9019], [-118.26896, 33.901956], [-118.264601, 33.883095], [-118.266042, 33.873161], [-118.248606, 33.873294], [-118.248665, 33.869499], [-118.242572, 33.869674], [-118.242495, 33.867728], [-118.235671, 33.8679], [-118.233976, 33.846646], [-118.205897, 33.846646], [-118.208752, 33.833473], [-118.207368, 33.826429], [-118.224676, 33.824381], [-118.226622, 33.829531], [-118.228503, 33.824375], [-118.225341, 33.810901]]]}}, {"id": "79", "type": "Feature", "properties": {"STATEFP20": "06", "PUMACE20": "03724", "GEOID20": "0603724", "NAMELSAD20": "Los Angeles County (Northwest)--LA City (Northwest/Encino & Tarzana) PUMA", "MTFCC20": "G6120", "FUNCSTAT20": "S", "ALAND20": 77097681, "AWATER20": 921590, "INTPTLAT20": "+34.1749120", "INTPTLON20": "-118.5240932", "GEOID10": "0603724"}, "geometry": {"type": "Polygon", "coordinates": [[[-118.529724, 34.129367], [-118.532661, 34.130953], [-118.534259, 34.129968], [-118.534813, 34.13165], [-118.536166, 34.130268], [-118.539417, 34.131153], [-118.542059, 34.127543], [-118.546207, 34.126079], [-118.55356, 34.126037], [-118.554828, 34.12691], [-118.553816, 34.128663], [-118.557217, 34.126567], [-118.559995, 34.129993], [-118.563976, 34.130996], [-118.566214, 34.137718], [-118.568895, 34.13847], [-118.565391, 34.155766], [-118.56225, 34.161805], [-118.563035, 34.163454], [-118.565849, 34.163714], [-118.565864, 34.170572], [-118.562303, 34.170807], [-118.562201, 34.173325], [-118.570924, 34.172113], [-118.570958, 34.187158], [-118.553478, 34.181094], [-118.553492, 34.187989], [-118.55679, 34.189981], [-118.562228, 34.19026], [-118.562294, 34.220331], [-118.483679, 34.221328], [-118.483672, 34.211868], [-118.479304, 34.212067], [-118.479301, 34.208438], [-118.485861, 34.208367], [-118.485835, 34.193902], [-118.490201, 34.193898], [-118.490194, 34.186635], [-118.474024, 34.186645], [-118.467591, 34.174295], [-118.469468, 34.160006], [-118.474409, 34.164845], [-118.483624, 34.16518], [-118.483423, 34.151514], [-118.485554, 34.149873], [-118.485647, 34.146738], [-118.487839, 34.147021], [-118.486613, 34.145844], [-118.48691, 34.143154], [-118.488597, 34.142535], [-118.486832, 34.141717], [-118.488087, 34.136266], [-118.48691, 34.13434], [-118.480229, 34.133301], [-118.480521, 34.129853], [-118.490667, 34.131223], [-118.501235, 34.129029], [-118.502287, 34.130493], [-118.503891, 34.127689], [-118.508522, 34.131122], [-118.513001, 34.129031], [-118.52182, 34.127995], [-118.529724, 34.129367]]]}}, {"id": "80", "type": "Feature", "properties": {"STATEFP20": "06", "PUMACE20": "03725", "GEOID20": "0603725", "NAMELSAD20": "Los Angeles County--LA City (Northwest/Canoga Park, Winnetka & Woodland Hills) PUMA", "MTFCC20": "G6120", "FUNCSTAT20": "S", "ALAND20": 68578876, "AWATER20": 167976, "INTPTLAT20": "+34.1819888", "INTPTLON20": "-118.6068214", "GEOID10": "0603725"}, "geometry": {"type": "Polygon", "coordinates": [[[-118.627789, 34.219321], [-118.562294, 34.220331], [-118.562228, 34.19026], [-118.55679, 34.189981], [-118.553492, 34.187989], [-118.553478, 34.181094], [-118.570958, 34.187158], [-118.570924, 34.172113], [-118.562201, 34.173325], [-118.562303, 34.170807], [-118.565864, 34.170572], [-118.565849, 34.163714], [-118.563035, 34.163454], [-118.56225, 34.161805], [-118.565391, 34.155766], [-118.568895, 34.13847], [-118.566214, 34.137718], [-118.564017, 34.131147], [-118.565316, 34.130383], [-118.614978, 34.149267], [-118.614971, 34.147277], [-118.628992, 34.147273], [-118.630255, 34.150381], [-118.632162, 34.150525], [-118.638483, 34.157597], [-118.641276, 34.156633], [-118.639735, 34.159091], [-118.641975, 34.161975], [-118.645553, 34.161985], [-118.645534, 34.165696], [-118.654281, 34.165722], [-118.654264, 34.169427], [-118.658629, 34.16944], [-118.658589, 34.176749], [-118.668153, 34.17675], [-118.667805, 34.20677], [-118.664861, 34.207053], [-118.660814, 34.20367], [-118.655887, 34.202454], [-118.652702, 34.207082], [-118.648236, 34.208304], [-118.646579, 34.210707], [-118.64234, 34.210715], [-118.64241, 34.211839], [-118.635511, 34.211854], [-118.63366, 34.208244], [-118.623504, 34.20825], [-118.627789, 34.219321]]]}}, {"id": "115", "type": "Feature", "properties": {"STATEFP20": "06", "PUMACE20": "03703", "GEOID20": "0603703", "NAMELSAD20": "Los Angeles County (North Central)--Lancaster City PUMA", "MTFCC20": "G6120", "FUNCSTAT20": "S", "ALAND20": 368931262, "AWATER20": 1692558, "INTPTLAT20": "+34.7248924", "INTPTLON20": "-118.2095693", "GEOID10": "0603703"}, "geometry": {"type": "Polygon", "coordinates": [[[-118.112256, 34.660466], [-118.112327, 34.645937], [-118.193297, 34.645617], [-118.199662, 34.646992], [-118.207665, 34.645586], [-118.284104, 34.645376], [-118.292905, 34.64703], [-118.294848, 34.649573], [-118.302884, 34.651061], [-118.312962, 34.656311], [-118.315689, 34.655482], [-118.319001, 34.659485], [-118.329637, 34.662693], [-118.324287, 34.665029], [-118.326281, 34.819726], [-118.140075, 34.820851], [-118.139926, 34.762592], [-118.146383, 34.762434], [-118.139434, 34.718665], [-118.077145, 34.71899], [-118.076974, 34.689894], [-118.05924, 34.689939], [-118.058872, 34.660616], [-118.112256, 34.660466]]]}}, {"id": "116", "type": "Feature", "properties": {"STATEFP20": "06", "PUMACE20": "03704", "GEOID20": "0603704", "NAMELSAD20": "Los Angeles County (North Central)--Palmdale City PUMA", "MTFCC20": "G6120", "FUNCSTAT20": "S", "ALAND20": 433425085, "AWATER20": 2530213, "INTPTLAT20": "+34.5965605", "INTPTLON20": "-118.0674520", "GEOID10": "0603704"}, "geometry": {"type": "Polygon", "coordinates": [[[-118.082525, 34.537946], [-118.092203, 34.528077], [-118.089828, 34.526002], [-118.090363, 34.523265], [-118.105602, 34.514837], [-118.10872, 34.510051], [-118.111466, 34.50923], [-118.118625, 34.502186], [-118.127699, 34.505716], [-118.136362, 34.505944], [-118.143046, 34.509355], [-118.146288, 34.513327], [-118.146333, 34.516906], [-118.142548, 34.518293], [-118.143038, 34.519728], [-118.145325, 34.519976], [-118.153176, 34.526334], [-118.183796, 34.558266], [-118.20002, 34.558303], [-118.19395, 34.55735], [-118.193891, 34.54616], [-118.198225, 34.546263], [-118.19823, 34.542587], [-118.220182, 34.542752], [-118.220247, 34.53909], [-118.255505, 34.539293], [-118.254677, 34.558304], [-118.287605, 34.558176], [-118.287703, 34.583752], [-118.283355, 34.583755], [-118.283317, 34.587471], [-118.27459, 34.587395], [-118.274655, 34.583757], [-118.261464, 34.583744], [-118.26143, 34.587699], [-118.266478, 34.587663], [-118.266529, 34.591319], [-118.270918, 34.5913], [-118.271037, 34.604075], [-118.262319, 34.604039], [-118.262337, 34.606753], [-118.265255, 34.606762], [-118.265282, 34.609474], [-118.255947, 34.606884], [-118.244827, 34.601018], [-118.235489, 34.598968], [-118.235571, 34.594662], [-118.226829, 34.594635], [-118.227254, 34.601892], [-118.218494, 34.601858], [-118.218572, 34.609113], [-118.227379, 34.609171], [-118.227486, 34.615396], [-118.223835, 34.615927], [-118.218621, 34.613604], [-118.218635, 34.614904], [-118.223934, 34.617589], [-118.233364, 34.616448], [-118.233661, 34.622169], [-118.236306, 34.626481], [-118.23606, 34.645605], [-118.207665, 34.645586], [-118.199662, 34.646992], [-118.193297, 34.645617], [-118.112327, 34.645937], [-118.112256, 34.660466], [-117.916313, 34.660606], [-117.916319, 34.616707], [-117.880701, 34.616712], [-117.880619, 34.557942], [-117.977953, 34.557945], [-117.978956, 34.553016], [-117.993737, 34.537364], [-117.99778, 34.530274], [-118.001788, 34.527701], [-118.004228, 34.512825], [-118.022092, 34.511705], [-118.022824, 34.509858], [-118.030366, 34.505927], [-118.030496, 34.514717], [-118.055844, 34.527633], [-118.070732, 34.52866], [-118.082525, 34.537946]]]}}, {"id": "122", "type": "Feature", "properties": {"STATEFP20": "06", "PUMACE20": "03758", "GEOID20": "0603758", "NAMELSAD20": "Los Angeles County (South Central)--Gardena, Lawndale Cities & West Athens PUMA", "MTFCC20": "G6120", "FUNCSTAT20": "S", "ALAND20": 35157319, "AWATER20": 233256, "INTPTLAT20": "+33.8984586", "INTPTLON20": "-118.3124434", "GEOID10": "0603758"}, "geometry": {"type": "Polygon", "coordinates": [[[-118.309136, 33.87042], [-118.30912, 33.872944], [-118.313451, 33.872937], [-118.313476, 33.887061], [-118.354711, 33.872854], [-118.36129, 33.872858], [-118.36129, 33.894653], [-118.365858, 33.894643], [-118.368879, 33.897013], [-118.361286, 33.897022], [-118.361257, 33.901438], [-118.358553, 33.900552], [-118.358556, 33.902354], [-118.352374, 33.901287], [-118.351445, 33.902429], [-118.34383, 33.902433], [-118.344382, 33.894651], [-118.335174, 33.894663], [-118.335182, 33.901921], [-118.326492, 33.901932], [-118.326501, 33.916446], [-118.308997, 33.916443], [-118.308935, 33.930902], [-118.317752, 33.930711], [-118.31772, 33.945463], [-118.313372, 33.94546], [-118.313387, 33.938214], [-118.309025, 33.93821], [-118.309015, 33.941833], [-118.305191, 33.941845], [-118.30518, 33.945467], [-118.302454, 33.945474], [-118.302448, 33.949993], [-118.300262, 33.949999], [-118.300267, 33.959481], [-118.291596, 33.959495], [-118.291771, 33.894202], [-118.283201, 33.896985], [-118.281555, 33.862802], [-118.290523, 33.858699], [-118.292366, 33.859882], [-118.309149, 33.859952], [-118.309136, 33.87042]]]}}, {"id": "123", "type": "Feature", "properties": {"STATEFP20": "06", "PUMACE20": "03709", "GEOID20": "0603709", "NAMELSAD20": "Los Angeles County (Central)--San Gabriel Valley Region (North) PUMA", "MTFCC20": "G6120", "FUNCSTAT20": "S", "ALAND20": 1590150166, "AWATER20": 5079893, "INTPTLAT20": "+34.3048711", "INTPTLON20": "-117.9916775", "GEOID10": "0603709"}, "geometry": {"type": "Polygon", "coordinates": [[[-118.095008, 34.175142], [-118.096609, 34.171999], [-118.095058, 34.169176], [-118.116431, 34.169109], [-118.117358, 34.175911], [-118.128631, 34.175229], [-118.128628, 34.176517], [-118.131908, 34.176507], [-118.142202, 34.181565], [-118.164115, 34.181436], [-118.164129, 34.183086], [-118.167413, 34.183072], [-118.167275, 34.181432], [-118.169488, 34.181432], [-118.170446, 34.184083], [-118.175595, 34.185119], [-118.17423, 34.182753], [-118.188881, 34.177876], [-118.190823, 34.18008], [-118.196438, 34.179894], [-118.208103, 34.187572], [-118.208085, 34.190656], [-118.212162, 34.192703], [-118.212808, 34.19534], [-118.216723, 34.197785], [-118.217678, 34.202946], [-118.215007, 34.203536], [-118.215005, 34.206404], [-118.220268, 34.20503], [-118.220264, 34.206305], [-118.225119, 34.205641], [-118.233154, 34.20783], [-118.235237, 34.209136], [-118.2352, 34.213031], [-118.239531, 34.217518], [-118.244027, 34.2185], [-118.244326, 34.220249], [-118.248753, 34.222241], [-118.248512, 34.244009], [-118.243468, 34.246595], [-118.243372, 34.252306], [-118.23874, 34.252259], [-118.238789, 34.281589], [-118.273537, 34.281661], [-118.27368, 34.278067], [-118.286694, 34.278337], [-118.286286, 34.292649], [-118.299395, 34.293259], [-118.299478, 34.286096], [-118.326914, 34.28606], [-118.326831, 34.282435], [-118.351729, 34.282475], [-118.351735, 34.278833], [-118.367407, 34.280369], [-118.3689, 34.283258], [-118.370754, 34.282117], [-118.369362, 34.286032], [-118.36723, 34.286318], [-118.364855, 34.289436], [-118.360345, 34.287647], [-118.360345, 34.293094], [-118.361563, 34.292775], [-118.361896, 34.295065], [-118.360989, 34.297827], [-118.366968, 34.301924], [-118.370017, 34.298159], [-118.378697, 34.296111], [-118.379631, 34.294352], [-118.382938, 34.293965], [-118.382878, 34.296956], [-118.387379, 34.296943], [-118.387396, 34.29878], [-118.393635, 34.298788], [-118.393711, 34.296979], [-118.396743, 34.296983], [-118.396984, 34.293348], [-118.399731, 34.293418], [-118.400812, 34.287869], [-118.40749, 34.287184], [-118.410348, 34.291968], [-118.40896, 34.291808], [-118.409072, 34.293659], [-118.403508, 34.293513], [-118.40346, 34.297106], [-118.401205, 34.297065], [-118.401052, 34.30067], [-118.4056, 34.300726], [-118.405469, 34.307912], [-118.403751, 34.307917], [-118.403881, 34.31005], [-118.400904, 34.310027], [-118.400786, 34.316436], [-118.396278, 34.31807], [-118.39626, 34.31986], [-118.400663, 34.319542], [-118.404912, 34.322077], [-118.405202, 34.329811], [-118.413579, 34.329881], [-118.412207, 34.325904], [-118.41435, 34.324441], [-118.420751, 34.325573], [-118.41901, 34.329881], [-118.492718, 34.330623], [-118.506944, 34.338711], [-118.503737, 34.347447], [-118.506255, 34.357063], [-118.50554, 34.361198], [-118.499045, 34.372586], [-118.493485, 34.377541], [-118.489864, 34.375119], [-118.483263, 34.37575], [-118.479127, 34.373423], [-118.464917, 34.380529], [-118.453909, 34.378433], [-118.437983, 34.378485], [-118.429274, 34.376364], [-118.424836, 34.376844], [-118.417631, 34.380998], [-118.413348, 34.381184], [-118.412175, 34.379247], [-118.402913, 34.38027], [-118.397097, 34.367564], [-118.389836, 34.36337], [-118.38638, 34.363291], [-118.39193, 34.360641], [-118.386282, 34.360769], [-118.385401, 34.359244], [-118.385205, 34.361036], [-118.379382, 34.362335], [-118.377986, 34.363658], [-118.379446, 34.36485], [-118.377934, 34.365073], [-118.376502, 34.362273], [-118.371158, 34.362177], [-118.366943, 34.358814], [-118.364306, 34.362037], [-118.352465, 34.366547], [-118.352757, 34.368526], [-118.337628, 34.375193], [-118.341486, 34.376], [-118.336703, 34.377787], [-118.335445, 34.38075], [-118.329471, 34.381733], [-118.325597, 34.385224], [-118.317903, 34.384251], [-118.315738, 34.389829], [-118.314068, 34.389847], [-118.314409, 34.388423], [-118.30177, 34.389367], [-118.300275, 34.392282], [-118.28524, 34.396434], [-118.280876, 34.395124], [-118.28141, 34.393944], [-118.273289, 34.395874], [-118.26946, 34.391804], [-118.269935, 34.398331], [-118.263482, 34.399437], [-118.259759, 34.396581], [-118.257659, 34.396982], [-118.255982, 34.394266], [-118.253175, 34.394763], [-118.255197, 34.393323], [-118.255121, 34.391989], [-118.251213, 34.393515], [-118.25309, 34.390716], [-118.251549, 34.386989], [-118.25208, 34.382755], [-118.248275, 34.379594], [-118.253235, 34.379849], [-118.254866, 34.377193], [-118.257539, 34.377496], [-118.256659, 34.37524], [-118.253474, 34.375895], [-118.252321, 34.374199], [-118.249489, 34.374726], [-118.248721, 34.373542], [-118.243329, 34.376021], [-118.240464, 34.374644], [-118.239872, 34.376724], [-118.231663, 34.379618], [-118.227614, 34.375697], [-118.220781, 34.379263], [-118.220301, 34.377023], [-118.215276, 34.376862], [-118.21326, 34.374797], [-118.21038, 34.377213], [-118.204515, 34.375572], [-118.198018, 34.378294], [-118.194958, 34.377782], [-118.195508, 34.380467], [-118.192152, 34.380143], [-118.19119, 34.381466], [-118.184203, 34.379709], [-118.180779, 34.374141], [-118.172647, 34.371023], [-118.171077, 34.375633], [-118.172189, 34.376945], [-118.168872, 34.377465], [-118.168783, 34.376164], [-118.163913, 34.374282], [-118.164192, 34.378317], [-118.162256, 34.379265], [-118.154264, 34.380243], [-118.149782, 34.375922], [-118.142768, 34.374801], [-118.139533, 34.377873], [-118.13265, 34.379464], [-118.128972, 34.382056], [-118.122753, 34.381135], [-118.121278, 34.379485], [-118.119218, 34.382267], [-118.119045, 34.385954], [-118.110672, 34.393074], [-118.107029, 34.394348], [-118.104967, 34.398036], [-118.102028, 34.399988], [-118.093696, 34.400237], [-118.090166, 34.402497], [-118.084063, 34.399547], [-118.080945, 34.400219], [-118.079767, 34.395611], [-118.082182, 34.39062], [-118.079444, 34.389179], [-118.081508, 34.386833], [-118.073842, 34.386086], [-118.079817, 34.382347], [-118.076005, 34.38379], [-118.071214, 34.382841], [-118.067587, 34.384845], [-118.069995, 34.382883], [-118.070133, 34.382156], [-118.060657, 34.38374], [-118.054878, 34.381635], [-118.047446, 34.381347], [-118.042767, 34.376343], [-118.040754, 34.377591], [-118.038715, 34.376659], [-118.037776, 34.378375], [-118.031597, 34.371116], [-118.031702, 34.366858], [-118.029498, 34.366169], [-118.024916, 34.369959], [-118.02013, 34.370336], [-118.017512, 34.364247], [-118.009598, 34.364793], [-117.998413, 34.370443], [-117.986931, 34.367171], [-117.982116, 34.370505], [-117.979431, 34.376231], [-117.972122, 34.378317], [-117.972229, 34.381212], [-117.970542, 34.381983], [-117.971817, 34.383951], [-117.97348, 34.383433], [-117.972519, 34.385897], [-117.975669, 34.387529], [-117.975647, 34.391717], [-117.968322, 34.397871], [-117.969253, 34.401003], [-117.967064, 34.403402], [-117.968407, 34.411572], [-117.972104, 34.416045], [-117.970994, 34.42159], [-117.972572, 34.423567], [-117.971207, 34.424385], [-117.971083, 34.43026], [-117.973575, 34.427919], [-117.976245, 34.430945], [-117.974299, 34.432304], [-117.975709, 34.435433], [-117.973148, 34.436162], [-117.973958, 34.437824], [-117.972656, 34.439703], [-117.969319, 34.43777], [-117.96684, 34.438963], [-117.939298, 34.439077], [-117.93906, 34.431791], [-117.923142, 34.431643], [-117.921769, 34.430503], [-117.92173, 34.426104], [-117.896611, 34.426403], [-117.891278, 34.421193], [-117.888796, 34.426458], [-117.870306, 34.42642], [-117.870242, 34.424656], [-117.766673, 34.424244], [-117.76427, 34.424674], [-117.764157, 34.426132], [-117.676088, 34.426055], [-117.675934, 34.404369], [-117.658517, 34.404259], [-117.658625, 34.397086], [-117.655235, 34.397222], [-117.646374, 34.28917], [-117.677706, 34.165173], [-117.750387, 34.165198], [-117.750362, 34.158167], [-117.754707, 34.158132], [-117.75473, 34.165366], [-117.759079, 34.165315], [-117.759093, 34.158093], [-117.767816, 34.158019], [-117.767722, 34.150808], [-117.77457, 34.150712], [-117.776111, 34.146992], [-117.780987, 34.146907], [-117.780936, 34.16518], [-117.793861, 34.165149], [-117.79433, 34.179662], [-117.844724, 34.179402], [-117.844718, 34.177589], [-117.846829, 34.177571], [-117.8466, 34.172216], [-117.837855, 34.172244], [-117.837731, 34.16841], [-117.839764, 34.165044], [-117.850682, 34.165028], [-117.851059, 34.179349], [-117.8646, 34.179215], [-117.864103, 34.172142], [-117.881541, 34.172106], [-117.881258, 34.165097], [-117.89881, 34.165105], [-117.898784, 34.168492], [-117.907529, 34.168522], [-117.907536, 34.165141], [-117.924796, 34.16531], [-117.925109, 34.193955], [-117.959951, 34.194202], [-117.959743, 34.179585], [-117.942503, 34.179485], [-117.942334, 34.166891], [-117.943622, 34.166885], [-117.94363, 34.165236], [-117.977525, 34.165107], [-117.977558, 34.155903], [-117.983, 34.15753], [-117.985076, 34.156727], [-117.985425, 34.151549], [-118.021215, 34.151242], [-118.021419, 34.173632], [-118.016372, 34.176686], [-118.017593, 34.179453], [-118.030139, 34.179402], [-118.029668, 34.166854], [-118.038473, 34.166881], [-118.038412, 34.157259], [-118.067958, 34.156821], [-118.068039, 34.161796], [-118.089569, 34.161506], [-118.091876, 34.168647], [-118.088772, 34.169531], [-118.095008, 34.175142]]]}}, {"id": "124", "type": "Feature", "properties": {"STATEFP20": "06", "PUMACE20": "03710", "GEOID20": "0603710", "NAMELSAD20": "Los Angeles County--Baldwin Park, Azusa, Duarte & Irwindale Cities PUMA", "MTFCC20": "G6120", "FUNCSTAT20": "S", "ALAND20": 100119226, "AWATER20": 2490412, "INTPTLAT20": "+34.1260233", "INTPTLON20": "-117.9492137", "GEOID10": "0603710"}, "geometry": {"type": "Polygon", "coordinates": [[[-117.953494, 34.074265], [-117.95658, 34.075309], [-117.958341, 34.073667], [-117.955987, 34.071917], [-117.959959, 34.068179], [-117.963198, 34.068828], [-117.961445, 34.066774], [-117.967144, 34.063462], [-117.973985, 34.068475], [-118.005251, 34.064298], [-117.999583, 34.085866], [-117.99219, 34.095053], [-117.996639, 34.09655], [-117.995093, 34.099719], [-118.008054, 34.104109], [-118.007342, 34.105566], [-118.015551, 34.102902], [-118.016833, 34.110451], [-118.015236, 34.11567], [-118.013077, 34.116937], [-118.010753, 34.122034], [-118.009317, 34.122036], [-118.009447, 34.132186], [-118.005055, 34.132218], [-118.0053, 34.145855], [-117.990734, 34.144928], [-117.99074, 34.151485], [-117.985168, 34.151606], [-117.985076, 34.156727], [-117.983, 34.15753], [-117.977558, 34.155903], [-117.977525, 34.165107], [-117.94363, 34.165236], [-117.943622, 34.166885], [-117.942334, 34.166891], [-117.942503, 34.179485], [-117.959743, 34.179585], [-117.959951, 34.194202], [-117.925109, 34.193955], [-117.924796, 34.16531], [-117.907536, 34.165141], [-117.907529, 34.168522], [-117.898784, 34.168492], [-117.89881, 34.165105], [-117.890048, 34.165121], [-117.890052, 34.146746], [-117.872472, 34.146924], [-117.872545, 34.125085], [-117.881361, 34.125112], [-117.88149, 34.106588], [-117.925363, 34.106965], [-117.925392, 34.099301], [-117.929794, 34.098081], [-117.929803, 34.095929], [-117.936804, 34.096097], [-117.936741, 34.093055], [-117.934167, 34.093076], [-117.93416, 34.09188], [-117.949677, 34.092256], [-117.953129, 34.090496], [-117.95306, 34.088435], [-117.960347, 34.086608], [-117.960078, 34.084955], [-117.950012, 34.077537], [-117.953494, 34.074265]]]}}, {"id": "125", "type": "Feature", "properties": {"STATEFP20": "06", "PUMACE20": "03711", "GEOID20": "0603711", "NAMELSAD20": "Los Angeles County (East Central)--Glendora, Claremont, San Dimas & La Verne Cities PUMA", "MTFCC20": "G6120", "FUNCSTAT20": "S", "ALAND20": 158110935, "AWATER20": 2077720, "INTPTLAT20": "+34.1266905", "INTPTLON20": "-117.7922150", "GEOID10": "0603711"}, "geometry": {"type": "Polygon", "coordinates": [[[-117.703996, 34.096166], [-117.71117, 34.079536], [-117.727997, 34.079477], [-117.727981, 34.090424], [-117.732343, 34.090326], [-117.732408, 34.098724], [-117.736794, 34.098858], [-117.736809, 34.110838], [-117.738985, 34.110743], [-117.739901, 34.108099], [-117.742103, 34.108628], [-117.742084, 34.110795], [-117.74534, 34.110815], [-117.746366, 34.108194], [-117.746371, 34.109563], [-117.748528, 34.109554], [-117.748541, 34.1126], [-117.750037, 34.1126], [-117.750614, 34.10851], [-117.756206, 34.110374], [-117.756134, 34.089966], [-117.762106, 34.092814], [-117.76439, 34.089725], [-117.76643, 34.093759], [-117.76998, 34.095698], [-117.77681, 34.086166], [-117.784038, 34.089071], [-117.786821, 34.088345], [-117.785403, 34.085091], [-117.782043, 34.085388], [-117.780975, 34.083731], [-117.783878, 34.081026], [-117.77964, 34.079048], [-117.789424, 34.072851], [-117.812473, 34.063909], [-117.826745, 34.064169], [-117.839503, 34.068688], [-117.83688, 34.070107], [-117.838478, 34.071667], [-117.847491, 34.072305], [-117.848552, 34.074054], [-117.841877, 34.080933], [-117.85334, 34.083113], [-117.845267, 34.086766], [-117.844799, 34.088289], [-117.837729, 34.088466], [-117.837653, 34.099423], [-117.881415, 34.099402], [-117.881361, 34.125112], [-117.872545, 34.125085], [-117.872472, 34.146924], [-117.890052, 34.146746], [-117.890048, 34.165121], [-117.881258, 34.165097], [-117.881541, 34.172106], [-117.864103, 34.172142], [-117.8646, 34.179215], [-117.851059, 34.179349], [-117.850682, 34.165028], [-117.839764, 34.165044], [-117.837731, 34.16841], [-117.837855, 34.172244], [-117.8466, 34.172216], [-117.846829, 34.177571], [-117.844718, 34.177589], [-117.844724, 34.179402], [-117.79433, 34.179662], [-117.793861, 34.165149], [-117.780936, 34.16518], [-117.780987, 34.146907], [-117.776111, 34.146992], [-117.77457, 34.150712], [-117.767722, 34.150808], [-117.767816, 34.158019], [-117.759093, 34.158093], [-117.759079, 34.165315], [-117.75473, 34.165366], [-117.754707, 34.158132], [-117.750362, 34.158167], [-117.750387, 34.165198], [-117.677706, 34.165173], [-117.686799, 34.138122], [-117.703996, 34.096166]]]}}, {"id": "132", "type": "Feature", "properties": {"STATEFP20": "06", "PUMACE20": "03757", "GEOID20": "0603757", "NAMELSAD20": "Los Angeles County (South Central)--Compton City & West Rancho Dominquez PUMA", "MTFCC20": "G6120", "FUNCSTAT20": "S", "ALAND20": 48024934, "AWATER20": 396757, "INTPTLAT20": "+33.8921148", "INTPTLON20": "-118.2338420", "GEOID10": "0603757"}, "geometry": {"type": "Polygon", "coordinates": [[[-118.234045, 33.848229], [-118.235671, 33.8679], [-118.242495, 33.867728], [-118.242572, 33.869674], [-118.248665, 33.869499], [-118.248606, 33.873294], [-118.266042, 33.873161], [-118.264601, 33.883095], [-118.26896, 33.901956], [-118.282254, 33.9019], [-118.282086, 33.923201], [-118.253594, 33.923095], [-118.254268, 33.929462], [-118.230324, 33.929001], [-118.228805, 33.922685], [-118.219938, 33.923026], [-118.218639, 33.921761], [-118.216936, 33.912313], [-118.213829, 33.913118], [-118.206433, 33.910535], [-118.205812, 33.912674], [-118.198425, 33.91057], [-118.199979, 33.906677], [-118.18961, 33.905749], [-118.189517, 33.903555], [-118.187441, 33.903158], [-118.188149, 33.894716], [-118.182374, 33.896212], [-118.181593, 33.892623], [-118.179945, 33.892729], [-118.182402, 33.889106], [-118.184103, 33.889136], [-118.184331, 33.892552], [-118.186901, 33.892528], [-118.187892, 33.881457], [-118.208874, 33.881292], [-118.208482, 33.874796], [-118.205498, 33.874287], [-118.206321, 33.870343], [-118.203553, 33.861105], [-118.201127, 33.860904], [-118.204588, 33.854736], [-118.206591, 33.846567], [-118.233629, 33.846606], [-118.234045, 33.848229]]]}}, {"id": "133", "type": "Feature", "properties": {"STATEFP20": "06", "PUMACE20": "03750", "GEOID20": "0603750", "NAMELSAD20": "Los Angeles County (South Central)--LA City (South Central/Westmont) PUMA", "MTFCC20": "G6120", "FUNCSTAT20": "S", "ALAND20": 29191407, "AWATER20": 472, "INTPTLAT20": "+33.9683663", "INTPTLON20": "-118.2961397", "GEOID10": "0603750"}, "geometry": {"type": "Polygon", "coordinates": [[[-118.280717, 33.970794], [-118.27935, 33.947413], [-118.280004, 33.931133], [-118.282086, 33.923201], [-118.282268, 33.897315], [-118.2917, 33.893978], [-118.291596, 33.959495], [-118.300267, 33.959481], [-118.300262, 33.949999], [-118.302448, 33.949993], [-118.302454, 33.945474], [-118.30518, 33.945467], [-118.305191, 33.941845], [-118.309015, 33.941833], [-118.309025, 33.93821], [-118.313387, 33.938214], [-118.313372, 33.94546], [-118.31772, 33.945463], [-118.317069, 34.010832], [-118.2809, 34.011085], [-118.280717, 33.970794]]]}}, {"id": "134", "type": "Feature", "properties": {"STATEFP20": "06", "PUMACE20": "03747", "GEOID20": "0603747", "NAMELSAD20": "Los Angeles County (Central)--LA City (Central/West Adams & Baldwin Hills) PUMA", "MTFCC20": "G6120", "FUNCSTAT20": "S", "ALAND20": 37649528, "AWATER20": 102205, "INTPTLAT20": "+34.0140100", "INTPTLON20": "-118.3481737", "GEOID10": "0603747"}, "geometry": {"type": "Polygon", "coordinates": [[[-118.337374, 34.039846], [-118.317698, 34.039912], [-118.317747, 33.970923], [-118.326471, 33.970909], [-118.32648, 33.967267], [-118.33303, 33.967249], [-118.333024, 33.972696], [-118.335212, 33.972691], [-118.335186, 33.981758], [-118.358544, 33.981667], [-118.358462, 33.983042], [-118.352683, 33.983059], [-118.352681, 33.989335], [-118.344857, 33.989396], [-118.344419, 33.99389], [-118.349291, 33.998928], [-118.34736, 34.004654], [-118.351674, 34.004357], [-118.358464, 33.99698], [-118.366472, 33.998571], [-118.376961, 33.998043], [-118.37884, 33.996689], [-118.379004, 33.992295], [-118.382519, 33.990935], [-118.382482, 33.988952], [-118.388007, 33.988911], [-118.383605, 33.992168], [-118.386061, 33.993483], [-118.382714, 34.000401], [-118.390986, 34.00167], [-118.385217, 34.012608], [-118.373093, 34.011913], [-118.37407, 34.015134], [-118.372675, 34.018357], [-118.377626, 34.01793], [-118.379666, 34.019309], [-118.378189, 34.019217], [-118.37622, 34.028646], [-118.371901, 34.029929], [-118.369577, 34.03508], [-118.386396, 34.028905], [-118.394637, 34.031317], [-118.391099, 34.040275], [-118.388004, 34.039694], [-118.38607, 34.04678], [-118.364793, 34.042776], [-118.344108, 34.04623], [-118.346385, 34.040155], [-118.337374, 34.039846]]]}}, {"id": "135", "type": "Feature", "properties": {"STATEFP20": "06", "PUMACE20": "03705", "GEOID20": "0603705", "NAMELSAD20": "Los Angeles County (North)--LA City (Northwest/Chatsworth & Porter Ranch) PUMA", "MTFCC20": "G6120", "FUNCSTAT20": "S", "ALAND20": 97743823, "AWATER20": 211021, "INTPTLAT20": "+34.2485533", "INTPTLON20": "-118.5778453", "GEOID10": "0603705"}, "geometry": {"type": "Polygon", "coordinates": [[[-118.51554, 34.250343], [-118.491513, 34.250192], [-118.493049, 34.243924], [-118.49578, 34.240141], [-118.496129, 34.235714], [-118.485061, 34.235642], [-118.485197, 34.22132], [-118.628512, 34.219309], [-118.623504, 34.20825], [-118.63366, 34.208244], [-118.635511, 34.211854], [-118.64241, 34.211839], [-118.64234, 34.210715], [-118.646579, 34.210707], [-118.648236, 34.208304], [-118.652702, 34.207082], [-118.655887, 34.202454], [-118.660814, 34.20367], [-118.664861, 34.207053], [-118.667805, 34.20677], [-118.667714, 34.240345], [-118.632494, 34.240391], [-118.633461, 34.269522], [-118.625212, 34.275033], [-118.607336, 34.277744], [-118.596208, 34.274521], [-118.591997, 34.279185], [-118.592653, 34.28722], [-118.588101, 34.302925], [-118.585091, 34.303478], [-118.571762, 34.298619], [-118.568708, 34.294639], [-118.559767, 34.299192], [-118.557391, 34.299243], [-118.554034, 34.296414], [-118.540943, 34.298794], [-118.527643, 34.283454], [-118.526305, 34.274415], [-118.529496, 34.257266], [-118.523323, 34.257339], [-118.52332, 34.250391], [-118.51554, 34.250343]]]}}, {"id": "136", "type": "Feature", "properties": {"STATEFP20": "06", "PUMACE20": "03706", "GEOID20": "0603706", "NAMELSAD20": "Los Angeles County (North)--LA City (North Central/Granada Hills & Sylmar) PUMA", "MTFCC20": "G6120", "FUNCSTAT20": "S", "ALAND20": 71024815, "AWATER20": 898610, "INTPTLAT20": "+34.3023590", "INTPTLON20": "-118.4791153", "GEOID10": "0603706"}, "geometry": {"type": "Polygon", "coordinates": [[[-118.455996, 34.271568], [-118.463117, 34.271492], [-118.466988, 34.268611], [-118.467299, 34.265841], [-118.472043, 34.265873], [-118.472187, 34.250069], [-118.52332, 34.250391], [-118.523323, 34.257339], [-118.529496, 34.257266], [-118.526305, 34.274415], [-118.527643, 34.283454], [-118.539032, 34.295726], [-118.544296, 34.30394], [-118.543672, 34.305715], [-118.547095, 34.313346], [-118.545511, 34.315658], [-118.546296, 34.317332], [-118.534011, 34.314531], [-118.50381, 34.337306], [-118.492718, 34.330623], [-118.418213, 34.32949], [-118.420741, 34.327723], [-118.420751, 34.325573], [-118.41714, 34.324948], [-118.427822, 34.315448], [-118.420755, 34.309669], [-118.42206, 34.30854], [-118.419688, 34.30684], [-118.418553, 34.307667], [-118.41122, 34.300724], [-118.421401, 34.294375], [-118.432569, 34.304687], [-118.456008, 34.284903], [-118.452347, 34.281454], [-118.455301, 34.279336], [-118.450016, 34.274057], [-118.455996, 34.271568]]]}}, {"id": "137", "type": "Feature", "properties": {"STATEFP20": "06", "PUMACE20": "03707", "GEOID20": "0603707", "NAMELSAD20": "Los Angeles County--LA (North Central/Arleta & Pacoima) & San Fernando Cities PUMA", "MTFCC20": "G6120", "FUNCSTAT20": "S", "ALAND20": 49676582, "AWATER20": 124624, "INTPTLAT20": "+34.2756280", "INTPTLON20": "-118.4108459", "GEOID10": "0603707"}, "geometry": {"type": "Polygon", "coordinates": [[[-118.40874, 34.244161], [-118.432899, 34.226535], [-118.450538, 34.250619], [-118.442999, 34.256122], [-118.444007, 34.259677], [-118.44202, 34.26484], [-118.455301, 34.279336], [-118.452347, 34.281454], [-118.456008, 34.284903], [-118.432569, 34.304687], [-118.421401, 34.294375], [-118.41122, 34.300724], [-118.418553, 34.307667], [-118.419688, 34.30684], [-118.42206, 34.30854], [-118.420755, 34.309669], [-118.427822, 34.315448], [-118.41714, 34.324948], [-118.41435, 34.324441], [-118.412207, 34.325904], [-118.413579, 34.329881], [-118.405202, 34.329811], [-118.404912, 34.322077], [-118.400663, 34.319542], [-118.39626, 34.31986], [-118.39653, 34.317419], [-118.400786, 34.316436], [-118.401079, 34.309722], [-118.403881, 34.31005], [-118.403751, 34.307917], [-118.405469, 34.307912], [-118.4056, 34.300726], [-118.401052, 34.30067], [-118.401205, 34.297065], [-118.40346, 34.297106], [-118.403508, 34.293513], [-118.409072, 34.293659], [-118.40896, 34.291808], [-118.410348, 34.291968], [-118.40749, 34.287184], [-118.400812, 34.287869], [-118.399731, 34.293418], [-118.396984, 34.293348], [-118.396743, 34.296983], [-118.393711, 34.296979], [-118.393635, 34.298788], [-118.387396, 34.29878], [-118.387379, 34.296943], [-118.382878, 34.296956], [-118.382938, 34.293965], [-118.370017, 34.298159], [-118.366896, 34.301911], [-118.360989, 34.297827], [-118.361896, 34.295065], [-118.361563, 34.292775], [-118.360345, 34.293094], [-118.360345, 34.287647], [-118.364855, 34.289436], [-118.36723, 34.286318], [-118.369362, 34.286032], [-118.373013, 34.273902], [-118.361447, 34.273177], [-118.359346, 34.271148], [-118.356176, 34.272515], [-118.344113, 34.270885], [-118.335804, 34.265779], [-118.345813, 34.26794], [-118.350248, 34.265867], [-118.365316, 34.266022], [-118.378061, 34.255251], [-118.381686, 34.255806], [-118.382665, 34.254338], [-118.38471, 34.256269], [-118.390898, 34.257207], [-118.40874, 34.244161]]]}}, {"id": "138", "type": "Feature", "properties": {"STATEFP20": "06", "PUMACE20": "03708", "GEOID20": "0603708", "NAMELSAD20": "Los Angeles County (North)--LA City (Northeast/Sunland, Sun Valley & Tujunga) PUMA", "MTFCC20": "G6120", "FUNCSTAT20": "S", "ALAND20": 100396784, "AWATER20": 218840, "INTPTLAT20": "+34.2409052", "INTPTLON20": "-118.3395988", "GEOID10": "0603708"}, "geometry": {"type": "Polygon", "coordinates": [[[-118.339843, 34.210109], [-118.33993, 34.206503], [-118.362987, 34.206818], [-118.362197, 34.201298], [-118.370312, 34.201197], [-118.370313, 34.196202], [-118.396418, 34.201364], [-118.396517, 34.20847], [-118.405251, 34.208479], [-118.40431, 34.202924], [-118.413792, 34.204789], [-118.41379, 34.201194], [-118.426733, 34.201191], [-118.427099, 34.202871], [-118.421718, 34.224244], [-118.409744, 34.233398], [-118.415901, 34.238938], [-118.390898, 34.257207], [-118.38471, 34.256269], [-118.382665, 34.254338], [-118.381686, 34.255806], [-118.378061, 34.255251], [-118.364927, 34.266113], [-118.350248, 34.265867], [-118.345813, 34.26794], [-118.335804, 34.265779], [-118.344113, 34.270885], [-118.356176, 34.272515], [-118.359346, 34.271148], [-118.361447, 34.273177], [-118.373013, 34.273902], [-118.369515, 34.283462], [-118.367407, 34.280369], [-118.351735, 34.278833], [-118.351729, 34.282475], [-118.326831, 34.282435], [-118.326914, 34.28606], [-118.299478, 34.286096], [-118.299395, 34.293259], [-118.290608, 34.293228], [-118.286286, 34.292649], [-118.286694, 34.278337], [-118.27368, 34.278067], [-118.273537, 34.281661], [-118.238789, 34.281589], [-118.238903, 34.267063], [-118.25669, 34.26719], [-118.2565, 34.252266], [-118.265264, 34.25238], [-118.265297, 34.250265], [-118.266672, 34.250779], [-118.266871, 34.221846], [-118.337462, 34.221312], [-118.334546, 34.215618], [-118.339843, 34.210109]]]}}, {"id": "139", "type": "Feature", "properties": {"STATEFP20": "06", "PUMACE20": "03719", "GEOID20": "0603719", "NAMELSAD20": "Los Angeles County (Central)--Glendale City PUMA", "MTFCC20": "G6120", "FUNCSTAT20": "S", "ALAND20": 78955400, "AWATER20": 330542, "INTPTLAT20": "+34.1813929", "INTPTLON20": "-118.2458301", "GEOID10": "0603719"}, "geometry": {"type": "Polygon", "coordinates": [[[-118.236057, 34.126607], [-118.253265, 34.124449], [-118.251133, 34.120947], [-118.254258, 34.118761], [-118.262, 34.127129], [-118.276007, 34.153165], [-118.278983, 34.153203], [-118.280496, 34.156333], [-118.29154, 34.155777], [-118.295602, 34.158798], [-118.298947, 34.157699], [-118.307812, 34.16114], [-118.296874, 34.171532], [-118.29933, 34.173306], [-118.296392, 34.176122], [-118.29744, 34.17752], [-118.287811, 34.187661], [-118.283498, 34.18585], [-118.279981, 34.190696], [-118.280095, 34.207461], [-118.292761, 34.221654], [-118.266871, 34.221846], [-118.266672, 34.250779], [-118.265297, 34.250265], [-118.265264, 34.25238], [-118.2565, 34.252266], [-118.25669, 34.26719], [-118.238487, 34.267074], [-118.23874, 34.252259], [-118.243372, 34.252306], [-118.243468, 34.246595], [-118.248528, 34.243957], [-118.248753, 34.222241], [-118.244326, 34.220249], [-118.244027, 34.2185], [-118.239531, 34.217518], [-118.2352, 34.213031], [-118.235237, 34.209136], [-118.233154, 34.20783], [-118.225119, 34.205641], [-118.220264, 34.206305], [-118.220268, 34.20503], [-118.215005, 34.206404], [-118.215007, 34.203536], [-118.217678, 34.202946], [-118.216723, 34.197785], [-118.212808, 34.19534], [-118.212162, 34.192703], [-118.208085, 34.190656], [-118.208103, 34.187572], [-118.196438, 34.179894], [-118.19236, 34.18045], [-118.188922, 34.178564], [-118.19097, 34.173204], [-118.190478, 34.170319], [-118.184157, 34.159732], [-118.181583, 34.149909], [-118.198195, 34.149045], [-118.198191, 34.151626], [-118.202701, 34.150633], [-118.205432, 34.147431], [-118.210972, 34.14622], [-118.226231, 34.149789], [-118.228774, 34.146032], [-118.229149, 34.138079], [-118.227877, 34.138084], [-118.227916, 34.135601], [-118.236273, 34.134498], [-118.236057, 34.126607]]]}}, {"id": "140", "type": "Feature", "properties": {"STATEFP20": "06", "PUMACE20": "03717", "GEOID20": "0603717", "NAMELSAD20": "Los Angeles County (East Central)--Arcadia, San Gabriel & Temple City Cities PUMA", "MTFCC20": "G6120", "FUNCSTAT20": "S", "ALAND20": 72244161, "AWATER20": 441730, "INTPTLAT20": "+34.1221968", "INTPTLON20": "-118.0617712", "GEOID10": "0603717"}, "geometry": {"type": "Polygon", "coordinates": [[[-118.005184, 34.139001], [-118.005055, 34.132218], [-118.009447, 34.132186], [-118.009317, 34.122036], [-118.010753, 34.122034], [-118.013077, 34.116937], [-118.015236, 34.11567], [-118.016912, 34.110001], [-118.015551, 34.102902], [-118.007342, 34.105566], [-118.010283, 34.099565], [-118.016386, 34.096728], [-118.020125, 34.096528], [-118.020236, 34.097864], [-118.026811, 34.095664], [-118.031004, 34.092549], [-118.042106, 34.092505], [-118.054952, 34.089779], [-118.056657, 34.085359], [-118.087262, 34.095017], [-118.08775, 34.085511], [-118.083512, 34.08045], [-118.087882, 34.080281], [-118.088907, 34.074853], [-118.094856, 34.075125], [-118.095103, 34.077155], [-118.099572, 34.077567], [-118.099563, 34.076469], [-118.108255, 34.076419], [-118.108397, 34.095443], [-118.11269, 34.093726], [-118.112945, 34.101619], [-118.115171, 34.106113], [-118.116866, 34.107322], [-118.121723, 34.104976], [-118.127935, 34.111146], [-118.135296, 34.10645], [-118.141813, 34.117963], [-118.141995, 34.11953], [-118.134225, 34.117389], [-118.127582, 34.118001], [-118.131174, 34.129678], [-118.113827, 34.132941], [-118.114017, 34.136859], [-118.094525, 34.136934], [-118.094293, 34.135245], [-118.089504, 34.135275], [-118.089493, 34.133677], [-118.087328, 34.133692], [-118.087301, 34.131299], [-118.085986, 34.131432], [-118.086007, 34.133033], [-118.083874, 34.133081], [-118.083733, 34.140462], [-118.078922, 34.139609], [-118.07896, 34.14225], [-118.083501, 34.14222], [-118.083225, 34.144566], [-118.08697, 34.144707], [-118.08687, 34.148645], [-118.076982, 34.148132], [-118.073402, 34.14855], [-118.073424, 34.150214], [-118.067824, 34.150287], [-118.067958, 34.156821], [-118.038412, 34.157259], [-118.038473, 34.166881], [-118.029668, 34.166854], [-118.030139, 34.179402], [-118.017593, 34.179453], [-118.016372, 34.176686], [-118.021419, 34.173632], [-118.021215, 34.151242], [-117.99074, 34.151485], [-117.990734, 34.144928], [-118.0053, 34.145855], [-118.005184, 34.139001]]]}}, {"id": "144", "type": "Feature", "properties": {"STATEFP20": "06", "PUMACE20": "03764", "GEOID20": "0603764", "NAMELSAD20": "Los Angeles County (South)--Lakewood, Cerritos, Artesia & Hawaiian Gardens Cities PUMA", "MTFCC20": "G6120", "FUNCSTAT20": "S", "ALAND20": 53426775, "AWATER20": 533797, "INTPTLAT20": "+33.8572932", "INTPTLON20": "-118.0924889", "GEOID10": "0603764"}, "geometry": {"type": "Polygon", "coordinates": [[[-118.059005, 33.838852], [-118.058988, 33.835207], [-118.063322, 33.831541], [-118.063268, 33.824107], [-118.068868, 33.822171], [-118.068721, 33.82402], [-118.074676, 33.823008], [-118.081703, 33.825083], [-118.081812, 33.83126], [-118.124983, 33.832437], [-118.124924, 33.847054], [-118.14243, 33.846725], [-118.142451, 33.832353], [-118.149951, 33.832378], [-118.15104, 33.829486], [-118.154104, 33.828977], [-118.154098, 33.827514], [-118.155949, 33.827511], [-118.155958, 33.825138], [-118.157917, 33.825136], [-118.160853, 33.827577], [-118.16431, 33.827685], [-118.164322, 33.847056], [-118.167559, 33.84694], [-118.167704, 33.854258], [-118.155501, 33.854401], [-118.156991, 33.860184], [-118.146594, 33.86031], [-118.146651, 33.868936], [-118.114307, 33.868972], [-118.114279, 33.865574], [-118.108429, 33.865587], [-118.108536, 33.872715], [-118.10691, 33.872711], [-118.108564, 33.886938], [-118.095533, 33.887426], [-118.095439, 33.878485], [-118.091065, 33.878847], [-118.091086, 33.880326], [-118.072708, 33.880392], [-118.072825, 33.885833], [-118.068447, 33.885888], [-118.068476, 33.887559], [-118.038421, 33.887775], [-118.028888, 33.882629], [-118.028716, 33.866046], [-118.037598, 33.866013], [-118.037536, 33.862369], [-118.041884, 33.862332], [-118.041853, 33.858715], [-118.046188, 33.858688], [-118.046082, 33.853611], [-118.050402, 33.853539], [-118.050375, 33.849872], [-118.054723, 33.849821], [-118.054687, 33.846218], [-118.05892, 33.846196], [-118.059005, 33.838852]]]}}, {"id": "145", "type": "Feature", "properties": {"STATEFP20": "06", "PUMACE20": "03731", "GEOID20": "0603731", "NAMELSAD20": "Los Angeles County (Central)--West Hollywood & Beverly Hills Cities PUMA", "MTFCC20": "G6120", "FUNCSTAT20": "S", "ALAND20": 34831130, "AWATER20": 5288, "INTPTLAT20": "+34.0915119", "INTPTLON20": "-118.3796476", "GEOID10": "0603731"}, "geometry": {"type": "Polygon", "coordinates": [[[-118.378319, 34.062951], [-118.383534, 34.062937], [-118.383666, 34.057099], [-118.405922, 34.057104], [-118.406106, 34.052781], [-118.414166, 34.062841], [-118.418462, 34.072361], [-118.420928, 34.075428], [-118.423289, 34.075689], [-118.422778, 34.083093], [-118.426962, 34.083044], [-118.427041, 34.090631], [-118.422656, 34.090643], [-118.42274, 34.094315], [-118.413934, 34.094268], [-118.411751, 34.09225], [-118.408641, 34.097147], [-118.408694, 34.101508], [-118.40541, 34.101461], [-118.40532, 34.0963], [-118.400888, 34.093994], [-118.401038, 34.108744], [-118.398672, 34.108752], [-118.400073, 34.110935], [-118.386971, 34.11415], [-118.383467, 34.112589], [-118.380234, 34.114502], [-118.375145, 34.114104], [-118.374201, 34.114816], [-118.375713, 34.119414], [-118.372826, 34.121138], [-118.375305, 34.123538], [-118.373892, 34.1267], [-118.371317, 34.126821], [-118.373558, 34.130697], [-118.372425, 34.131086], [-118.36958, 34.129215], [-118.360967, 34.128046], [-118.357979, 34.123844], [-118.359318, 34.122885], [-118.353081, 34.119559], [-118.347684, 34.120229], [-118.347872, 34.116349], [-118.344334, 34.114998], [-118.343933, 34.113392], [-118.346183, 34.111308], [-118.34386, 34.104116], [-118.345873, 34.10369], [-118.343382, 34.094328], [-118.344043, 34.080268], [-118.374209, 34.080161], [-118.37525, 34.082011], [-118.375264, 34.080159], [-118.377248, 34.080207], [-118.377167, 34.076592], [-118.390718, 34.076501], [-118.390704, 34.072083], [-118.383764, 34.072122], [-118.383728, 34.069684], [-118.375755, 34.070097], [-118.372244, 34.0622], [-118.377268, 34.059522], [-118.378319, 34.062951]]]}}, {"id": "146", "type": "Feature", "properties": {"STATEFP20": "06", "PUMACE20": "03722", "GEOID20": "0603722", "NAMELSAD20": "Los Angeles County (Northwest)--LA City (North Central/Van Nuys & North Sherman Oaks) PUMA", "MTFCC20": "G6120", "FUNCSTAT20": "S", "ALAND20": 34127568, "AWATER20": 154145, "INTPTLAT20": "+34.1851932", "INTPTLON20": "-118.4490106", "GEOID10": "0603722"}, "geometry": {"type": "Polygon", "coordinates": [[[-118.448849, 34.211735], [-118.426702, 34.207345], [-118.427099, 34.202871], [-118.425212, 34.19796], [-118.417586, 34.186673], [-118.413786, 34.186676], [-118.414169, 34.175731], [-118.412023, 34.161377], [-118.405221, 34.156598], [-118.443345, 34.155098], [-118.460023, 34.159159], [-118.468623, 34.159635], [-118.469488, 34.165498], [-118.467607, 34.170214], [-118.46776, 34.175604], [-118.474024, 34.186645], [-118.490194, 34.186635], [-118.490201, 34.193898], [-118.485835, 34.193902], [-118.485861, 34.208367], [-118.479301, 34.208438], [-118.479304, 34.212067], [-118.483672, 34.211868], [-118.483679, 34.221328], [-118.473075, 34.221388], [-118.473124, 34.216449], [-118.448849, 34.211735]]]}}, {"id": "147", "type": "Feature", "properties": {"STATEFP20": "06", "PUMACE20": "03718", "GEOID20": "0603718", "NAMELSAD20": "Los Angeles County (Central)--Pasadena City PUMA", "MTFCC20": "G6120", "FUNCSTAT20": "S", "ALAND20": 51469558, "AWATER20": 296619, "INTPTLAT20": "+34.1532887", "INTPTLON20": "-118.1376979", "GEOID10": "0603718"}, "geometry": {"type": "Polygon", "coordinates": [[[-118.102848, 34.169133], [-118.095058, 34.169176], [-118.096609, 34.171999], [-118.095008, 34.175142], [-118.088772, 34.169531], [-118.091876, 34.168647], [-118.089569, 34.161506], [-118.068039, 34.161796], [-118.067824, 34.150287], [-118.073424, 34.150214], [-118.073402, 34.14855], [-118.076982, 34.148132], [-118.08687, 34.148645], [-118.08697, 34.144707], [-118.083225, 34.144566], [-118.083501, 34.14222], [-118.07896, 34.14225], [-118.078922, 34.139609], [-118.083733, 34.140462], [-118.083874, 34.133081], [-118.086007, 34.133033], [-118.085986, 34.131432], [-118.087301, 34.131299], [-118.087328, 34.133692], [-118.089493, 34.133677], [-118.089504, 34.135275], [-118.094293, 34.135245], [-118.094525, 34.136934], [-118.114017, 34.136859], [-118.113827, 34.132941], [-118.131174, 34.129678], [-118.127582, 34.118001], [-118.130553, 34.117267], [-118.142169, 34.119557], [-118.148948, 34.125662], [-118.150438, 34.12402], [-118.168454, 34.123914], [-118.165952, 34.125983], [-118.170328, 34.126945], [-118.176955, 34.123141], [-118.176541, 34.126624], [-118.180193, 34.126425], [-118.18134, 34.129498], [-118.18258, 34.129186], [-118.182817, 34.131211], [-118.186097, 34.133732], [-118.185678, 34.138875], [-118.180432, 34.141009], [-118.184561, 34.145401], [-118.183787, 34.14908], [-118.181583, 34.149909], [-118.184157, 34.159732], [-118.188584, 34.165696], [-118.19097, 34.173204], [-118.187426, 34.179229], [-118.181622, 34.179703], [-118.17423, 34.182753], [-118.175595, 34.185119], [-118.170446, 34.184083], [-118.169488, 34.181432], [-118.167275, 34.181432], [-118.167413, 34.183072], [-118.164129, 34.183086], [-118.164115, 34.181436], [-118.142202, 34.181565], [-118.131908, 34.176507], [-118.128628, 34.176517], [-118.128631, 34.175229], [-118.117358, 34.175911], [-118.116431, 34.169109], [-118.102848, 34.169133]]]}}, {"id": "148", "type": "Feature", "properties": {"STATEFP20": "06", "PUMACE20": "03738", "GEOID20": "0603738", "NAMELSAD20": "Los Angeles County (Central)--El Monte & South El Monte Cities PUMA", "MTFCC20": "G6120", "FUNCSTAT20": "S", "ALAND20": 40010275, "AWATER20": 1282280, "INTPTLAT20": "+34.0617959", "INTPTLON20": "-118.0396830", "GEOID10": "0603738"}, "geometry": {"type": "Polygon", "coordinates": [[[-118.034491, 34.041985], [-118.03813, 34.038178], [-118.037927, 34.033802], [-118.049199, 34.029374], [-118.054224, 34.022229], [-118.072857, 34.020833], [-118.0783, 34.01687], [-118.085787, 34.018785], [-118.073208, 34.027854], [-118.073811, 34.031864], [-118.080756, 34.039405], [-118.078154, 34.039419], [-118.077476, 34.041113], [-118.080089, 34.044071], [-118.08216, 34.044082], [-118.081949, 34.051719], [-118.075264, 34.053598], [-118.075279, 34.057224], [-118.07026, 34.057241], [-118.067446, 34.062701], [-118.069828, 34.062834], [-118.068987, 34.065668], [-118.067761, 34.06535], [-118.072927, 34.072266], [-118.055768, 34.07245], [-118.056811, 34.084978], [-118.054952, 34.089779], [-118.042106, 34.092505], [-118.031004, 34.092549], [-118.020236, 34.097864], [-118.020125, 34.096528], [-118.016386, 34.096728], [-118.010283, 34.099565], [-118.008054, 34.104109], [-117.995093, 34.099719], [-117.996639, 34.09655], [-117.99219, 34.095053], [-117.999741, 34.08549], [-118.005138, 34.064629], [-118.011054, 34.049284], [-118.016846, 34.043921], [-118.027965, 34.038935], [-118.025072, 34.041661], [-118.029846, 34.045691], [-118.034491, 34.041985]]]}}, {"id": "149", "type": "Feature", "properties": {"STATEFP20": "06", "PUMACE20": "03715", "GEOID20": "0603715", "NAMELSAD20": "Los Angeles County (East Central)--West Covina City PUMA", "MTFCC20": "G6120", "FUNCSTAT20": "S", "ALAND20": 39304023, "AWATER20": 117723, "INTPTLAT20": "+34.0533961", "INTPTLON20": "-117.9186725", "GEOID10": "0603715"}, "geometry": {"type": "Polygon", "coordinates": [[[-117.91997, 34.018576], [-117.914794, 34.031312], [-117.919463, 34.035148], [-117.922837, 34.04408], [-117.925679, 34.044129], [-117.925624, 34.048075], [-117.934306, 34.048174], [-117.934286, 34.05046], [-117.943809, 34.050549], [-117.9425, 34.052036], [-117.94406, 34.053154], [-117.948203, 34.049505], [-117.951727, 34.052108], [-117.956702, 34.047394], [-117.963791, 34.052635], [-117.956513, 34.059491], [-117.958525, 34.060964], [-117.956844, 34.062603], [-117.959044, 34.065066], [-117.962855, 34.065438], [-117.961445, 34.066774], [-117.963642, 34.068395], [-117.961975, 34.069395], [-117.959959, 34.068179], [-117.955987, 34.071917], [-117.957873, 34.074114], [-117.95658, 34.075309], [-117.954241, 34.073579], [-117.950012, 34.077537], [-117.960078, 34.084955], [-117.960347, 34.086608], [-117.95306, 34.088435], [-117.953129, 34.090496], [-117.951136, 34.091819], [-117.936777, 34.091925], [-117.936801, 34.08989], [-117.941596, 34.090086], [-117.941853, 34.08716], [-117.923384, 34.086567], [-117.921341, 34.08891], [-117.916586, 34.088427], [-117.916563, 34.084655], [-117.907767, 34.084595], [-117.907761, 34.086312], [-117.903369, 34.086284], [-117.903301, 34.075466], [-117.898903, 34.075433], [-117.898895, 34.073612], [-117.892401, 34.073579], [-117.89231, 34.077208], [-117.890166, 34.077182], [-117.890226, 34.057329], [-117.882182, 34.051779], [-117.880272, 34.045618], [-117.888921, 34.043481], [-117.889565, 34.029617], [-117.895736, 34.027547], [-117.886616, 34.014997], [-117.887681, 34.002874], [-117.902182, 34.005227], [-117.901744, 34.006317], [-117.902436, 34.005267], [-117.908109, 34.006192], [-117.909194, 34.008026], [-117.910645, 34.006601], [-117.914927, 34.007292], [-117.914713, 34.009301], [-117.916801, 34.009643], [-117.916653, 34.011151], [-117.923356, 34.012241], [-117.91997, 34.018576]]]}}, {"id": "150", "type": "Feature", "properties": {"STATEFP20": "06", "PUMACE20": "03713", "GEOID20": "0603713", "NAMELSAD20": "Los Angeles County (East Central)--Covina & Walnut Cities PUMA", "MTFCC20": "G6120", "FUNCSTAT20": "S", "ALAND20": 64060149, "AWATER20": 46680, "INTPTLAT20": "+34.0604954", "INTPTLON20": "-117.8675254", "GEOID10": "0603713"}, "geometry": {"type": "Polygon", "coordinates": [[[-117.849661, 34.015768], [-117.872753, 34.002553], [-117.887681, 34.002874], [-117.886616, 34.014997], [-117.895736, 34.027547], [-117.889565, 34.029617], [-117.888921, 34.043481], [-117.880272, 34.045618], [-117.882182, 34.051779], [-117.890226, 34.057329], [-117.890166, 34.077182], [-117.89231, 34.077208], [-117.892401, 34.073579], [-117.898895, 34.073612], [-117.898903, 34.075433], [-117.903301, 34.075466], [-117.903369, 34.086284], [-117.907761, 34.086312], [-117.907767, 34.084595], [-117.916563, 34.084655], [-117.916586, 34.088427], [-117.921341, 34.08891], [-117.923384, 34.086567], [-117.941853, 34.08716], [-117.941596, 34.090086], [-117.936801, 34.08989], [-117.936777, 34.091925], [-117.93416, 34.09188], [-117.934167, 34.093076], [-117.936741, 34.093055], [-117.936804, 34.096097], [-117.929803, 34.095929], [-117.929794, 34.098081], [-117.925392, 34.099301], [-117.925363, 34.106965], [-117.88174, 34.106633], [-117.881415, 34.099402], [-117.837653, 34.099423], [-117.837729, 34.088466], [-117.844799, 34.088289], [-117.849171, 34.084428], [-117.853254, 34.083415], [-117.841877, 34.080933], [-117.848552, 34.074054], [-117.847491, 34.072305], [-117.83872, 34.071774], [-117.83688, 34.070107], [-117.839503, 34.068688], [-117.826265, 34.064087], [-117.811775, 34.063976], [-117.802836, 34.066795], [-117.797838, 34.065051], [-117.797202, 34.063958], [-117.802685, 34.060256], [-117.809119, 34.057909], [-117.816168, 34.050038], [-117.821556, 34.050494], [-117.828719, 34.037627], [-117.824606, 34.037615], [-117.825595, 34.033261], [-117.836165, 34.026991], [-117.839839, 34.020634], [-117.849661, 34.015768]]]}}, {"id": "151", "type": "Feature", "properties": {"STATEFP20": "06", "PUMACE20": "03712", "GEOID20": "0603712", "NAMELSAD20": "Los Angeles County (East Central)--Pomona City PUMA", "MTFCC20": "G6120", "FUNCSTAT20": "S", "ALAND20": 58367775, "AWATER20": 26188, "INTPTLAT20": "+34.0584937", "INTPTLON20": "-117.7610909", "GEOID10": "0603712"}, "geometry": {"type": "Polygon", "coordinates": [[[-117.722025, 34.052178], [-117.727359, 34.037389], [-117.730125, 34.021371], [-117.735846, 34.018554], [-117.767631, 34.023509], [-117.767654, 34.019386], [-117.785171, 34.026135], [-117.785177, 34.032428], [-117.801631, 34.042876], [-117.810878, 34.029426], [-117.818321, 34.034422], [-117.821482, 34.03121], [-117.823795, 34.033442], [-117.825001, 34.032159], [-117.824606, 34.037615], [-117.828719, 34.037627], [-117.821556, 34.050494], [-117.816168, 34.050038], [-117.808901, 34.058085], [-117.797202, 34.063958], [-117.804832, 34.06694], [-117.780548, 34.077576], [-117.77964, 34.079048], [-117.783878, 34.081026], [-117.780975, 34.083731], [-117.782043, 34.085388], [-117.785403, 34.085091], [-117.786821, 34.088345], [-117.784038, 34.089071], [-117.77681, 34.086166], [-117.76998, 34.095698], [-117.76643, 34.093759], [-117.76439, 34.089725], [-117.762106, 34.092814], [-117.756134, 34.089966], [-117.756206, 34.110374], [-117.750614, 34.10851], [-117.750037, 34.1126], [-117.748541, 34.1126], [-117.748528, 34.109554], [-117.746371, 34.109563], [-117.746366, 34.108194], [-117.74534, 34.110815], [-117.742084, 34.110795], [-117.742103, 34.108628], [-117.739901, 34.108099], [-117.738985, 34.110743], [-117.736809, 34.110838], [-117.736794, 34.098858], [-117.732408, 34.098724], [-117.732343, 34.090326], [-117.727981, 34.090424], [-117.727997, 34.079477], [-117.71117, 34.079536], [-117.722025, 34.052178]]]}}, {"id": "155", "type": "Feature", "properties": {"STATEFP20": "06", "PUMACE20": "03735", "GEOID20": "0603735", "NAMELSAD20": "Los Angeles County--LA City (Mount Washington, Highland Park & Glassell Park) PUMA", "MTFCC20": "G6120", "FUNCSTAT20": "S", "ALAND20": 50039551, "AWATER20": 175922, "INTPTLAT20": "+34.1058139", "INTPTLON20": "-118.2018507", "GEOID10": "0603735"}, "geometry": {"type": "Polygon", "coordinates": [[[-118.206101, 34.066047], [-118.205205, 34.073788], [-118.215616, 34.073641], [-118.211445, 34.090835], [-118.224479, 34.082275], [-118.226361, 34.082718], [-118.226699, 34.089669], [-118.243741, 34.112749], [-118.246438, 34.111753], [-118.254135, 34.11886], [-118.251133, 34.120947], [-118.253265, 34.124449], [-118.235238, 34.12672], [-118.236273, 34.134498], [-118.227916, 34.135601], [-118.227877, 34.138084], [-118.229149, 34.138079], [-118.228774, 34.146032], [-118.226231, 34.149789], [-118.210972, 34.14622], [-118.205432, 34.147431], [-118.202701, 34.150633], [-118.198191, 34.151626], [-118.198195, 34.149045], [-118.183787, 34.14908], [-118.184561, 34.145401], [-118.180432, 34.141009], [-118.185678, 34.138875], [-118.186097, 34.133732], [-118.182817, 34.131211], [-118.18258, 34.129186], [-118.18134, 34.129498], [-118.180193, 34.126425], [-118.176541, 34.126624], [-118.177092, 34.121981], [-118.182084, 34.113215], [-118.17974, 34.110658], [-118.177237, 34.110458], [-118.177994, 34.098595], [-118.15529, 34.098672], [-118.16066, 34.093441], [-118.160496, 34.075131], [-118.161761, 34.074635], [-118.165293, 34.062298], [-118.192625, 34.061762], [-118.192692, 34.063755], [-118.207547, 34.065182], [-118.206101, 34.066047]]]}}, {"id": "156", "type": "Feature", "properties": {"STATEFP20": "06", "PUMACE20": "03716", "GEOID20": "0603716", "NAMELSAD20": "Los Angeles County (East Central)--La Puente & Industry Cities PUMA", "MTFCC20": "G6120", "FUNCSTAT20": "S", "ALAND20": 48826198, "AWATER20": 1302624, "INTPTLAT20": "+34.0313591", "INTPTLON20": "-117.9626918", "GEOID10": "0603716"}, "geometry": {"type": "Polygon", "coordinates": [[[-117.957919, 34.058169], [-117.963791, 34.052635], [-117.956702, 34.047394], [-117.951727, 34.052108], [-117.948203, 34.049505], [-117.94406, 34.053154], [-117.9425, 34.052036], [-117.943809, 34.050549], [-117.934286, 34.05046], [-117.934306, 34.048174], [-117.925624, 34.048075], [-117.925679, 34.044129], [-117.922837, 34.04408], [-117.919463, 34.035148], [-117.914794, 34.031312], [-117.923356, 34.012241], [-117.916653, 34.011151], [-117.916801, 34.009643], [-117.914713, 34.009301], [-117.914927, 34.007292], [-117.910645, 34.006601], [-117.909194, 34.008026], [-117.908109, 34.006192], [-117.902436, 34.005267], [-117.902339, 34.006327], [-117.901744, 34.006317], [-117.902182, 34.005227], [-117.887681, 34.002874], [-117.888313, 33.996312], [-117.888352, 33.997346], [-117.893624, 33.997108], [-117.894038, 33.994447], [-117.902787, 33.994582], [-117.902951, 33.993119], [-117.911453, 33.994122], [-117.912009, 33.989372], [-117.931749, 33.990977], [-117.93088, 33.998275], [-117.934893, 33.998142], [-117.948684, 34.002413], [-117.948283, 34.006393], [-117.959815, 34.009866], [-117.958728, 34.013319], [-117.964407, 34.015464], [-117.966044, 34.011767], [-117.974263, 34.014348], [-117.975771, 34.014981], [-117.972624, 34.019197], [-117.983081, 34.022163], [-118.002028, 34.031194], [-118.025871, 34.029944], [-118.025914, 34.032796], [-118.028131, 34.03316], [-118.037611, 34.027158], [-118.038465, 34.036664], [-118.037159, 34.039673], [-118.029846, 34.045691], [-118.025072, 34.041661], [-118.027965, 34.038935], [-118.015098, 34.045078], [-118.010079, 34.050922], [-118.005251, 34.064298], [-117.973985, 34.068475], [-117.967144, 34.063462], [-117.964708, 34.065775], [-117.959044, 34.065066], [-117.956844, 34.062603], [-117.958525, 34.060964], [-117.956513, 34.059491], [-117.957919, 34.058169]]]}}, {"id": "157", "type": "Feature", "properties": {"STATEFP20": "06", "PUMACE20": "03751", "GEOID20": "0603751", "NAMELSAD20": "Los Angeles County (South Central)--LA City (South Central/Watts) PUMA", "MTFCC20": "G6120", "FUNCSTAT20": "S", "ALAND20": 22357432, "AWATER20": 22948, "INTPTLAT20": "+33.9515695", "INTPTLON20": "-118.2618787", "GEOID10": "0603751"}, "geometry": {"type": "Polygon", "coordinates": [[[-118.230887, 33.94828], [-118.228602, 33.948301], [-118.227476, 33.943091], [-118.229497, 33.9431], [-118.228646, 33.939007], [-118.230899, 33.931691], [-118.230324, 33.929001], [-118.254268, 33.929462], [-118.253594, 33.923095], [-118.281254, 33.923199], [-118.27935, 33.947413], [-118.280696, 33.955219], [-118.28039, 33.989154], [-118.256436, 33.989317], [-118.256393, 33.960171], [-118.25593, 33.95306], [-118.253533, 33.95126], [-118.25364, 33.943277], [-118.249138, 33.943273], [-118.248839, 33.953358], [-118.24745, 33.954257], [-118.233995, 33.953264], [-118.234026, 33.948243], [-118.230887, 33.94828]]]}}, {"id": "158", "type": "Feature", "properties": {"STATEFP20": "06", "PUMACE20": "03730", "GEOID20": "0603730", "NAMELSAD20": "Los Angeles County (West Central)--LA City (Central/Hancock Park & Mid-Wilshire) PUMA", "MTFCC20": "G6120", "FUNCSTAT20": "S", "ALAND20": 29945459, "AWATER20": 3300, "INTPTLAT20": "+34.0598160", "INTPTLON20": "-118.3509415", "GEOID10": "0603730"}, "geometry": {"type": "Polygon", "coordinates": [[[-118.317708, 34.042691], [-118.317698, 34.039912], [-118.344713, 34.03982], [-118.346385, 34.040155], [-118.344108, 34.04623], [-118.364793, 34.042776], [-118.38607, 34.04678], [-118.388004, 34.039694], [-118.391099, 34.040275], [-118.394637, 34.031317], [-118.390469, 34.03101], [-118.395051, 34.029109], [-118.403202, 34.029546], [-118.39985, 34.031384], [-118.397379, 34.037478], [-118.399317, 34.046067], [-118.400641, 34.046311], [-118.400981, 34.054365], [-118.399106, 34.054948], [-118.39908, 34.057035], [-118.383666, 34.057099], [-118.383534, 34.062937], [-118.37733, 34.062954], [-118.377268, 34.059522], [-118.372244, 34.0622], [-118.375755, 34.070097], [-118.383728, 34.069684], [-118.383764, 34.072122], [-118.390704, 34.072083], [-118.390718, 34.076501], [-118.377167, 34.076592], [-118.377248, 34.080207], [-118.375264, 34.080159], [-118.37525, 34.082011], [-118.374209, 34.080161], [-118.334149, 34.080311], [-118.334213, 34.076118], [-118.309148, 34.076247], [-118.309033, 34.047192], [-118.317588, 34.047171], [-118.317708, 34.042691]]]}}, {"id": "159", "type": "Feature", "properties": {"STATEFP20": "06", "PUMACE20": "03723", "GEOID20": "0603723", "NAMELSAD20": "Los Angeles County (North)--LA City (North Central/Mission Hills & Panorama City) PUMA", "MTFCC20": "G6120", "FUNCSTAT20": "S", "ALAND20": 26623447, "AWATER20": 201918, "INTPTLAT20": "+34.2417993", "INTPTLON20": "-118.4550489", "GEOID10": "0603723"}, "geometry": {"type": "Polygon", "coordinates": [[[-118.442164, 34.264657], [-118.444007, 34.259677], [-118.442999, 34.256122], [-118.450538, 34.250619], [-118.43611, 34.229571], [-118.432899, 34.226535], [-118.415901, 34.238938], [-118.409744, 34.233398], [-118.421718, 34.224244], [-118.426702, 34.207345], [-118.473124, 34.216449], [-118.473075, 34.221388], [-118.485197, 34.22132], [-118.485061, 34.235642], [-118.496129, 34.235714], [-118.49578, 34.240141], [-118.493049, 34.243924], [-118.491513, 34.250192], [-118.472187, 34.250069], [-118.472043, 34.265873], [-118.467299, 34.265841], [-118.466988, 34.268611], [-118.463852, 34.271179], [-118.454159, 34.271659], [-118.450016, 34.274057], [-118.442164, 34.264657]]]}}, {"id": "160", "type": "Feature", "properties": {"STATEFP20": "06", "PUMACE20": "03720", "GEOID20": "0603720", "NAMELSAD20": "Los Angeles County (Central)--Burbank City PUMA", "MTFCC20": "G6120", "FUNCSTAT20": "S", "ALAND20": 73497344, "AWATER20": 872737, "INTPTLAT20": "+34.1683440", "INTPTLON20": "-118.3157654", "GEOID10": "0603720"}, "geometry": {"type": "Polygon", "coordinates": [[[-118.337462, 34.221312], [-118.292761, 34.221654], [-118.280095, 34.207461], [-118.279981, 34.190696], [-118.283498, 34.18585], [-118.287811, 34.187661], [-118.29744, 34.17752], [-118.296392, 34.176122], [-118.29933, 34.173306], [-118.296874, 34.171532], [-118.307812, 34.16114], [-118.298947, 34.157699], [-118.295602, 34.158798], [-118.29154, 34.155777], [-118.280496, 34.156333], [-118.278983, 34.153203], [-118.276007, 34.153165], [-118.262, 34.127129], [-118.252363, 34.117349], [-118.254385, 34.113001], [-118.256038, 34.114422], [-118.261703, 34.109798], [-118.268056, 34.112789], [-118.274237, 34.119931], [-118.29133, 34.118036], [-118.309245, 34.113321], [-118.309509, 34.119908], [-118.318702, 34.119995], [-118.319301, 34.12236], [-118.316014, 34.127476], [-118.317329, 34.128383], [-118.319876, 34.126649], [-118.319034, 34.13108], [-118.320486, 34.13149], [-118.324898, 34.127517], [-118.325128, 34.120403], [-118.329838, 34.117384], [-118.331758, 34.111488], [-118.335812, 34.112606], [-118.33853, 34.120175], [-118.349034, 34.130939], [-118.34323, 34.138214], [-118.353103, 34.161289], [-118.357151, 34.161287], [-118.357158, 34.164908], [-118.354705, 34.164947], [-118.357758, 34.172162], [-118.361151, 34.194651], [-118.370313, 34.196379], [-118.370312, 34.201197], [-118.362197, 34.201298], [-118.362987, 34.206818], [-118.33993, 34.206503], [-118.339806, 34.211194], [-118.33774, 34.211271], [-118.334546, 34.215618], [-118.337462, 34.221312]]]}}, {"id": "161", "type": "Feature", "properties": {"STATEFP20": "06", "PUMACE20": "03736", "GEOID20": "0603736", "NAMELSAD20": "Los Angeles County (Central)--Alhambra & South Pasadena Cities PUMA", "MTFCC20": "G6120", "FUNCSTAT20": "S", "ALAND20": 29895326, "AWATER20": 50174, "INTPTLAT20": "+34.0935109", "INTPTLON20": "-118.1435430", "GEOID10": "0603736"}, "geometry": {"type": "Polygon", "coordinates": [[[-118.108231, 34.074299], [-118.109247, 34.069841], [-118.135707, 34.069741], [-118.135506, 34.062587], [-118.140223, 34.062321], [-118.144331, 34.0601], [-118.15253, 34.062318], [-118.165293, 34.062298], [-118.161761, 34.074635], [-118.160496, 34.075131], [-118.16066, 34.093441], [-118.15529, 34.098672], [-118.177994, 34.098595], [-118.177237, 34.110458], [-118.17974, 34.110658], [-118.182084, 34.113215], [-118.176955, 34.123141], [-118.170328, 34.126945], [-118.165952, 34.125983], [-118.168454, 34.123914], [-118.150438, 34.12402], [-118.148948, 34.125662], [-118.142395, 34.12069], [-118.138332, 34.11256], [-118.139535, 34.11252], [-118.135296, 34.10645], [-118.127935, 34.111146], [-118.121723, 34.104976], [-118.115782, 34.106729], [-118.112945, 34.101619], [-118.11269, 34.093726], [-118.108397, 34.095443], [-118.108231, 34.074299]]]}}, {"id": "162", "type": "Feature", "properties": {"STATEFP20": "06", "PUMACE20": "03714", "GEOID20": "0603714", "NAMELSAD20": "Los Angeles County--Diamond Bar, La Habra Heights (East) Cities & Rowland Heights PUMA", "MTFCC20": "G6120", "FUNCSTAT20": "S", "ALAND20": 107195077, "AWATER20": 174949, "INTPTLAT20": "+33.9778183", "INTPTLON20": "-117.8564720", "GEOID10": "0603714"}, "geometry": {"type": "Polygon", "coordinates": [[[-117.79111, 33.994677], [-117.802539, 33.975551], [-117.802445, 33.968308], [-117.793667, 33.968135], [-117.793551, 33.953822], [-117.783252, 33.946261], [-117.911415, 33.946068], [-117.91956, 33.947636], [-117.919559, 33.946081], [-117.964777, 33.946054], [-117.964691, 33.948578], [-117.962592, 33.94922], [-117.957869, 33.956489], [-117.9589, 33.963895], [-117.957581, 33.965618], [-117.966449, 33.972578], [-117.957914, 33.97255], [-117.949611, 33.974639], [-117.949606, 33.976457], [-117.942235, 33.974754], [-117.942292, 33.982777], [-117.934771, 33.98262], [-117.932808, 33.979321], [-117.931749, 33.990977], [-117.912009, 33.989372], [-117.911453, 33.994122], [-117.902951, 33.993119], [-117.902787, 33.994582], [-117.894038, 33.994447], [-117.893624, 33.997108], [-117.888352, 33.997346], [-117.888313, 33.996312], [-117.887681, 34.002874], [-117.877912, 34.001745], [-117.870428, 34.003467], [-117.841144, 34.01975], [-117.836165, 34.026991], [-117.825199, 34.034003], [-117.825001, 34.032159], [-117.823795, 34.033442], [-117.821482, 34.03121], [-117.818321, 34.034422], [-117.810878, 34.029426], [-117.801631, 34.042876], [-117.785177, 34.032428], [-117.785171, 34.026135], [-117.767654, 34.019386], [-117.767525, 34.004695], [-117.785033, 34.004854], [-117.79111, 33.994677]]]}}, {"id": "164", "type": "Feature", "properties": {"STATEFP20": "06", "PUMACE20": "03746", "GEOID20": "0603746", "NAMELSAD20": "Los Angeles County--LA City (Central/Univ. of Southern California & Exposition Park) PUMA", "MTFCC20": "G6120", "FUNCSTAT20": "S", "ALAND20": 14312350, "AWATER20": 0, "INTPTLAT20": "+34.0289429", "INTPTLON20": "-118.2981147", "GEOID10": "0603746"}, "geometry": {"type": "Polygon", "coordinates": [[[-118.287227, 34.011072], [-118.317069, 34.010832], [-118.317092, 34.018272], [-118.318236, 34.018274], [-118.317588, 34.047171], [-118.284128, 34.047283], [-118.284009, 34.037034], [-118.273904, 34.038056], [-118.27474, 34.026793], [-118.280703, 34.015577], [-118.282754, 34.015665], [-118.282733, 34.011143], [-118.287227, 34.011072]]]}}, {"id": "165", "type": "Feature", "properties": {"STATEFP20": "06", "PUMACE20": "03721", "GEOID20": "0603721", "NAMELSAD20": "Los Angeles County (North)--LA City (Northeast/North Hollywood & Valley Village) PUMA", "MTFCC20": "G6120", "FUNCSTAT20": "S", "ALAND20": 26740099, "AWATER20": 53105, "INTPTLAT20": "+34.1785029", "INTPTLON20": "-118.3872082", "GEOID10": "0603721"}, "geometry": {"type": "Polygon", "coordinates": [[[-118.38778, 34.199656], [-118.361151, 34.194651], [-118.357758, 34.172162], [-118.354705, 34.164947], [-118.357158, 34.164908], [-118.357151, 34.161287], [-118.353103, 34.161289], [-118.34974, 34.153432], [-118.375538, 34.152948], [-118.37899, 34.154093], [-118.378996, 34.157638], [-118.405259, 34.157618], [-118.411233, 34.160168], [-118.414169, 34.175731], [-118.413786, 34.186676], [-118.417586, 34.186673], [-118.426733, 34.201191], [-118.41379, 34.201194], [-118.413792, 34.204789], [-118.40431, 34.202924], [-118.405251, 34.208479], [-118.396517, 34.20847], [-118.396418, 34.201364], [-118.38778, 34.199656]]]}}, {"id": "166", "type": "Feature", "properties": {"STATEFP20": "06", "PUMACE20": "03737", "GEOID20": "0603737", "NAMELSAD20": "Los Angeles County (Central)--Monterey Park & Rosemead Cities PUMA", "MTFCC20": "G6120", "FUNCSTAT20": "S", "ALAND20": 36422589, "AWATER20": 202346, "INTPTLAT20": "+34.0575988", "INTPTLON20": "-118.1113391", "GEOID10": "0603737"}, "geometry": {"type": "Polygon", "coordinates": [[[-118.108193, 34.073372], [-118.108255, 34.076419], [-118.099563, 34.076469], [-118.099572, 34.077567], [-118.095103, 34.077155], [-118.094856, 34.075125], [-118.088907, 34.074853], [-118.087882, 34.080281], [-118.083512, 34.08045], [-118.08775, 34.085511], [-118.087262, 34.095017], [-118.055969, 34.084701], [-118.055768, 34.07245], [-118.072927, 34.072266], [-118.067761, 34.06535], [-118.068987, 34.065668], [-118.069828, 34.062834], [-118.067446, 34.062701], [-118.07026, 34.057241], [-118.075279, 34.057224], [-118.075264, 34.053598], [-118.081949, 34.051719], [-118.08216, 34.044082], [-118.080089, 34.044071], [-118.077476, 34.041113], [-118.078154, 34.039419], [-118.080756, 34.039405], [-118.098219, 34.04836], [-118.101312, 34.043158], [-118.106517, 34.040403], [-118.103645, 34.039683], [-118.10365, 34.038233], [-118.093123, 34.035548], [-118.098305, 34.035234], [-118.099086, 34.032267], [-118.103631, 34.032075], [-118.107685, 34.026994], [-118.115135, 34.033698], [-118.162088, 34.033342], [-118.161914, 34.044214], [-118.169594, 34.044197], [-118.168026, 34.048353], [-118.169272, 34.048354], [-118.169259, 34.06229], [-118.15253, 34.062318], [-118.144438, 34.060079], [-118.140223, 34.062321], [-118.135506, 34.062587], [-118.135707, 34.069741], [-118.109247, 34.069841], [-118.108193, 34.073372]]]}}, {"id": "167", "type": "Feature", "properties": {"STATEFP20": "06", "PUMACE20": "03754", "GEOID20": "0603754", "NAMELSAD20": "Los Angeles County (Southeast)--La Mirada & Santa Fe Springs Cities PUMA", "MTFCC20": "G6120", "FUNCSTAT20": "S", "ALAND20": 60392251, "AWATER20": 168294, "INTPTLAT20": "+33.9226938", "INTPTLON20": "-118.0321879", "GEOID10": "0603754"}, "geometry": {"type": "Polygon", "coordinates": [[[-117.976554, 33.921628], [-117.976593, 33.90281], [-117.985405, 33.902766], [-117.985327, 33.895509], [-117.994136, 33.895513], [-117.994057, 33.888218], [-118.002855, 33.888161], [-118.002754, 33.880894], [-118.011474, 33.880913], [-118.011383, 33.873431], [-118.028782, 33.873322], [-118.028888, 33.882629], [-118.038421, 33.887775], [-118.055383, 33.88765], [-118.055357, 33.895061], [-118.063969, 33.895436], [-118.063955, 33.902271], [-118.061279, 33.902274], [-118.046954, 33.893954], [-118.046729, 33.895166], [-118.042204, 33.895205], [-118.042216, 33.898811], [-118.044403, 33.898797], [-118.044431, 33.90248], [-118.053509, 33.902437], [-118.052819, 33.906001], [-118.05103, 33.90602], [-118.051036, 33.909755], [-118.060618, 33.917095], [-118.063816, 33.917088], [-118.063956, 33.929901], [-118.07259, 33.92807], [-118.07268, 33.931701], [-118.082375, 33.931683], [-118.082462, 33.933481], [-118.084145, 33.93348], [-118.088259, 33.929681], [-118.098421, 33.943394], [-118.086873, 33.959608], [-118.088837, 33.966913], [-118.065902, 33.958909], [-118.064152, 33.970255], [-118.054922, 33.968176], [-118.055818, 33.961522], [-118.050804, 33.958929], [-118.053007, 33.956708], [-118.04142, 33.954628], [-118.037837, 33.95817], [-118.025372, 33.948669], [-117.983527, 33.928841], [-117.97653, 33.928034], [-117.976554, 33.921628]]]}}, {"id": "168", "type": "Feature", "properties": {"STATEFP20": "06", "PUMACE20": "03752", "GEOID20": "0603752", "NAMELSAD20": "Los Angeles County (South)--South Gate & Lynwood Cities PUMA", "MTFCC20": "G6120", "FUNCSTAT20": "S", "ALAND20": 32367278, "AWATER20": 426895, "INTPTLAT20": "+33.9367856", "INTPTLON20": "-118.1968162", "GEOID10": "0603752"}, "geometry": {"type": "Polygon", "coordinates": [[[-118.162471, 33.929732], [-118.161719, 33.92849], [-118.164155, 33.926475], [-118.16758, 33.928305], [-118.170424, 33.923608], [-118.156237, 33.917044], [-118.159019, 33.909917], [-118.16801, 33.914167], [-118.168395, 33.912147], [-118.173259, 33.911804], [-118.169281, 33.91477], [-118.178685, 33.91871], [-118.180781, 33.90872], [-118.187787, 33.903569], [-118.189517, 33.903555], [-118.18961, 33.905749], [-118.199979, 33.906677], [-118.198425, 33.91057], [-118.205812, 33.912674], [-118.206433, 33.910535], [-118.213829, 33.913118], [-118.216936, 33.912313], [-118.218356, 33.921357], [-118.219938, 33.923026], [-118.229019, 33.923562], [-118.230899, 33.931691], [-118.228646, 33.939007], [-118.229497, 33.9431], [-118.227476, 33.943091], [-118.231485, 33.960938], [-118.229366, 33.961248], [-118.230191, 33.967281], [-118.224426, 33.965382], [-118.192782, 33.961622], [-118.18528, 33.955637], [-118.179653, 33.955099], [-118.178438, 33.956347], [-118.179757, 33.956485], [-118.179522, 33.957918], [-118.177642, 33.957721], [-118.173152, 33.95632], [-118.173418, 33.954347], [-118.156253, 33.951038], [-118.165942, 33.938546], [-118.166085, 33.93537], [-118.162471, 33.929732]]]}}, {"id": "169", "type": "Feature", "properties": {"STATEFP20": "06", "PUMACE20": "03742", "GEOID20": "0603742", "NAMELSAD20": "Los Angeles County (Central)--Huntington Park City, Florence-Graham & Walnut Park PUMA", "MTFCC20": "G6120", "FUNCSTAT20": "S", "ALAND20": 31402502, "AWATER20": 512172, "INTPTLAT20": "+33.9854858", "INTPTLON20": "-118.2219788", "GEOID10": "0603742"}, "geometry": {"type": "Polygon", "coordinates": [[[-118.231167, 33.948277], [-118.234026, 33.948243], [-118.233995, 33.953264], [-118.24745, 33.954257], [-118.248839, 33.953358], [-118.249138, 33.943273], [-118.25364, 33.943277], [-118.253533, 33.95126], [-118.25593, 33.95306], [-118.256436, 33.989498], [-118.237918, 33.989393], [-118.239708, 34.014713], [-118.217282, 34.015636], [-118.212698, 34.014295], [-118.208166, 34.015006], [-118.207041, 34.012777], [-118.205026, 34.012626], [-118.20506, 34.014519], [-118.192125, 34.012921], [-118.193474, 34.009516], [-118.170122, 33.999547], [-118.17139, 33.996922], [-118.175121, 33.998103], [-118.177772, 33.997015], [-118.175967, 33.99255], [-118.177351, 33.991105], [-118.172549, 33.986548], [-118.17371, 33.986264], [-118.184215, 33.994238], [-118.204661, 33.996646], [-118.204503, 33.988995], [-118.189033, 33.986376], [-118.189767, 33.981867], [-118.202581, 33.982569], [-118.202356, 33.979663], [-118.20624, 33.979572], [-118.206106, 33.976022], [-118.203786, 33.975775], [-118.202692, 33.971862], [-118.199735, 33.971559], [-118.199612, 33.970393], [-118.202027, 33.970644], [-118.200924, 33.968995], [-118.192345, 33.961577], [-118.224426, 33.965382], [-118.230191, 33.967281], [-118.229366, 33.961248], [-118.231485, 33.960938], [-118.228602, 33.948301], [-118.231167, 33.948277]]]}}, {"id": "170", "type": "Feature", "properties": {"STATEFP20": "06", "PUMACE20": "03745", "GEOID20": "0603745", "NAMELSAD20": "Los Angeles County (Central)--LA City (Southeast/East Vernon) PUMA", "MTFCC20": "G6120", "FUNCSTAT20": "S", "ALAND20": 14553760, "AWATER20": 515, "INTPTLAT20": "+34.0061860", "INTPTLON20": "-118.2598127", "GEOID10": "0603745"}, "geometry": {"type": "Polygon", "coordinates": [[[-118.238396, 33.99429], [-118.237918, 33.989393], [-118.28039, 33.989154], [-118.2809, 34.011085], [-118.282733, 34.011143], [-118.282754, 34.015665], [-118.280703, 34.015577], [-118.274476, 34.027466], [-118.265436, 34.023412], [-118.262757, 34.027703], [-118.239653, 34.018002], [-118.238396, 33.99429]]]}}, {"id": "171", "type": "Feature", "properties": {"STATEFP20": "06", "PUMACE20": "03732", "GEOID20": "0603732", "NAMELSAD20": "Los Angeles County (Central)--LA City (East Central & Hollywood) PUMA", "MTFCC20": "G6120", "FUNCSTAT20": "S", "ALAND20": 26945011, "AWATER20": 26402, "INTPTLAT20": "+34.0986967", "INTPTLON20": "-118.3125317", "GEOID10": "0603732"}, "geometry": {"type": "Polygon", "coordinates": [[[-118.289586, 34.101786], [-118.291768, 34.101228], [-118.280371, 34.092462], [-118.284535, 34.090873], [-118.284399, 34.076717], [-118.334724, 34.076197], [-118.334149, 34.080311], [-118.344043, 34.080268], [-118.343382, 34.094328], [-118.345873, 34.10369], [-118.34386, 34.104116], [-118.346183, 34.111308], [-118.343879, 34.113684], [-118.34781, 34.116259], [-118.348462, 34.118788], [-118.342379, 34.116525], [-118.344244, 34.119461], [-118.341824, 34.120393], [-118.341746, 34.123377], [-118.337901, 34.119167], [-118.335812, 34.112606], [-118.332501, 34.111001], [-118.329802, 34.11743], [-118.325128, 34.120403], [-118.324881, 34.127547], [-118.320432, 34.131487], [-118.319034, 34.13108], [-118.319876, 34.126649], [-118.317329, 34.128383], [-118.316014, 34.127476], [-118.319301, 34.12236], [-118.318702, 34.119995], [-118.309509, 34.119908], [-118.309245, 34.113321], [-118.29133, 34.118036], [-118.274237, 34.119931], [-118.268056, 34.112789], [-118.265499, 34.112198], [-118.263306, 34.107119], [-118.273655, 34.110964], [-118.282503, 34.111949], [-118.285238, 34.111142], [-118.28522, 34.101798], [-118.289586, 34.101786]]]}}, {"id": "172", "type": "Feature", "properties": {"STATEFP20": "06", "PUMACE20": "03739", "GEOID20": "0603739", "NAMELSAD20": "Los Angeles County (Southeast)--Whittier City & Hacienda Heights PUMA", "MTFCC20": "G6120", "FUNCSTAT20": "S", "ALAND20": 96522541, "AWATER20": 179986, "INTPTLAT20": "+33.9760066", "INTPTLON20": "-118.0085566", "GEOID10": "0603739"}, "geometry": {"type": "Polygon", "coordinates": [[[-118.025871, 34.029944], [-118.002028, 34.031194], [-117.983081, 34.022163], [-117.972624, 34.019197], [-117.975771, 34.014981], [-117.974263, 34.014348], [-117.966044, 34.011767], [-117.964407, 34.015464], [-117.958728, 34.013319], [-117.959815, 34.009866], [-117.948283, 34.006393], [-117.948684, 34.002413], [-117.934893, 33.998142], [-117.93088, 33.998275], [-117.932808, 33.979321], [-117.934771, 33.98262], [-117.942292, 33.982777], [-117.942235, 33.974754], [-117.949606, 33.976457], [-117.949611, 33.974639], [-117.957914, 33.97255], [-117.966449, 33.972578], [-117.957605, 33.965684], [-117.9589, 33.963895], [-117.957811, 33.956685], [-117.962592, 33.94922], [-117.964691, 33.948578], [-117.964777, 33.946054], [-117.976498, 33.94605], [-117.97653, 33.928034], [-117.983527, 33.928841], [-118.025372, 33.948669], [-118.037837, 33.95817], [-118.04142, 33.954628], [-118.053007, 33.956708], [-118.050804, 33.958929], [-118.055818, 33.961522], [-118.054922, 33.968176], [-118.064152, 33.970255], [-118.065902, 33.958909], [-118.088837, 33.966913], [-118.075258, 33.984986], [-118.072954, 33.99233], [-118.070072, 33.995192], [-118.071103, 33.995593], [-118.069886, 33.99872], [-118.068105, 33.998056], [-118.06901, 34.000807], [-118.067297, 34.000597], [-118.057429, 34.0099], [-118.056262, 34.015138], [-118.059353, 34.017647], [-118.054507, 34.02116], [-118.05077, 34.028237], [-118.037927, 34.033802], [-118.037611, 34.027158], [-118.028131, 34.03316], [-118.025914, 34.032796], [-118.025871, 34.029944]]]}}, {"id": "173", "type": "Feature", "properties": {"STATEFP20": "06", "PUMACE20": "03753", "GEOID20": "0603753", "NAMELSAD20": "Los Angeles County (South)--Downey City PUMA", "MTFCC20": "G6120", "FUNCSTAT20": "S", "ALAND20": 31323700, "AWATER20": 347435, "INTPTLAT20": "+33.9371281", "INTPTLON20": "-118.1317340", "GEOID10": "0603753"}, "geometry": {"type": "Polygon", "coordinates": [[[-118.134596, 33.909749], [-118.13887, 33.908992], [-118.142404, 33.910453], [-118.143039, 33.902487], [-118.153502, 33.907371], [-118.149222, 33.913704], [-118.170424, 33.923608], [-118.16758, 33.928305], [-118.164155, 33.926475], [-118.161541, 33.928847], [-118.163484, 33.932892], [-118.165081, 33.932977], [-118.165942, 33.938546], [-118.156253, 33.951038], [-118.158604, 33.951894], [-118.139652, 33.963457], [-118.134328, 33.970381], [-118.125463, 33.971102], [-118.121284, 33.972968], [-118.110507, 33.961329], [-118.093369, 33.950362], [-118.098855, 33.944247], [-118.100372, 33.939439], [-118.10654, 33.932028], [-118.111611, 33.922077], [-118.109848, 33.909815], [-118.134596, 33.909749]]]}}, {"id": "174", "type": "Feature", "properties": {"STATEFP20": "06", "PUMACE20": "03734", "GEOID20": "0603734", "NAMELSAD20": "Los Angeles County--LA City (East Central/Silver Lake, Echo Park & Westlake) PUMA", "MTFCC20": "G6120", "FUNCSTAT20": "S", "ALAND20": 30212473, "AWATER20": 816884, "INTPTLAT20": "+34.0809927", "INTPTLON20": "-118.2607303", "GEOID10": "0603734"}, "geometry": {"type": "Polygon", "coordinates": [[[-118.249996, 34.061475], [-118.259652, 34.052097], [-118.271237, 34.044722], [-118.273904, 34.038056], [-118.284009, 34.037034], [-118.2842, 34.059946], [-118.282294, 34.062865], [-118.284302, 34.063715], [-118.284372, 34.074043], [-118.283044, 34.076126], [-118.284399, 34.076717], [-118.284535, 34.090873], [-118.280371, 34.092462], [-118.291768, 34.101228], [-118.28522, 34.101798], [-118.285238, 34.111142], [-118.273822, 34.110999], [-118.263306, 34.107119], [-118.265499, 34.112198], [-118.261703, 34.109798], [-118.256038, 34.114422], [-118.254385, 34.113001], [-118.252363, 34.117349], [-118.246438, 34.111753], [-118.24382, 34.112843], [-118.227179, 34.09039], [-118.225727, 34.085662], [-118.226361, 34.082718], [-118.227606, 34.083083], [-118.224793, 34.071974], [-118.229127, 34.071333], [-118.230782, 34.076198], [-118.235839, 34.079291], [-118.235887, 34.076371], [-118.233422, 34.074178], [-118.237063, 34.06845], [-118.249996, 34.061475]]]}}, {"id": "175", "type": "Feature", "properties": {"STATEFP20": "06", "PUMACE20": "03733", "GEOID20": "0603733", "NAMELSAD20": "Los Angeles County (Central)--LA City (Central/Koreatown) PUMA", "MTFCC20": "G6120", "FUNCSTAT20": "S", "ALAND20": 7452987, "AWATER20": 0, "INTPTLAT20": "+34.0618113", "INTPTLON20": "-118.2965633", "GEOID10": "0603733"}, "geometry": {"type": "Polygon", "coordinates": [[[-118.296831, 34.04724], [-118.309033, 34.047192], [-118.309148, 34.076247], [-118.283044, 34.076126], [-118.284372, 34.074043], [-118.284302, 34.063715], [-118.282294, 34.062865], [-118.2842, 34.059946], [-118.284128, 34.047283], [-118.296831, 34.04724]]]}}, {"id": "176", "type": "Feature", "properties": {"STATEFP20": "06", "PUMACE20": "03740", "GEOID20": "0603740", "NAMELSAD20": "Los Angeles County (Central)--Pico Rivera & Montebello Cities PUMA", "MTFCC20": "G6120", "FUNCSTAT20": "S", "ALAND20": 43081909, "AWATER20": 1596175, "INTPTLAT20": "+34.0025272", "INTPTLON20": "-118.0993002", "GEOID10": "0603740"}, "geometry": {"type": "Polygon", "coordinates": [[[-118.075182, 33.985165], [-118.088508, 33.968423], [-118.086785, 33.959872], [-118.09323, 33.950305], [-118.109119, 33.960327], [-118.134219, 33.985656], [-118.133302, 33.987127], [-118.128542, 33.985536], [-118.125231, 33.991168], [-118.129858, 33.993048], [-118.128224, 34.001751], [-118.129822, 34.002419], [-118.12711, 34.007085], [-118.126782, 34.013924], [-118.130016, 34.014604], [-118.129688, 34.015695], [-118.145195, 34.02506], [-118.143939, 34.026518], [-118.14416, 34.033463], [-118.115135, 34.033698], [-118.107685, 34.026994], [-118.103631, 34.032075], [-118.099086, 34.032267], [-118.098305, 34.035234], [-118.093123, 34.035548], [-118.10365, 34.038233], [-118.103645, 34.039683], [-118.106517, 34.040403], [-118.101312, 34.043158], [-118.098219, 34.04836], [-118.082119, 34.040811], [-118.073003, 34.030608], [-118.073208, 34.027854], [-118.085787, 34.018785], [-118.08493, 34.01795], [-118.083649, 34.018863], [-118.0783, 34.01687], [-118.072857, 34.020833], [-118.054224, 34.022229], [-118.059447, 34.017299], [-118.056262, 34.015138], [-118.0572, 34.01028], [-118.067297, 34.000597], [-118.06901, 34.000807], [-118.068105, 33.998056], [-118.069886, 33.99872], [-118.071103, 33.995593], [-118.070072, 33.995192], [-118.072954, 33.99233], [-118.075182, 33.985165]]]}}, {"id": "177", "type": "Feature", "properties": {"STATEFP20": "06", "PUMACE20": "03744", "GEOID20": "0603744", "NAMELSAD20": "Los Angeles County (Central)--LA City (East Central/Central City & Boyle Heights) PUMA", "MTFCC20": "G6120", "FUNCSTAT20": "S", "ALAND20": 39673295, "AWATER20": 452134, "INTPTLAT20": "+34.0432949", "INTPTLON20": "-118.2266539", "GEOID10": "0603744"}, "geometry": {"type": "Polygon", "coordinates": [[[-118.222437, 34.083835], [-118.211445, 34.090835], [-118.215616, 34.073641], [-118.205205, 34.073788], [-118.205059, 34.066543], [-118.207547, 34.065182], [-118.192692, 34.063755], [-118.191416, 34.012859], [-118.20506, 34.014519], [-118.205026, 34.012626], [-118.207041, 34.012777], [-118.208166, 34.015006], [-118.212698, 34.014295], [-118.217282, 34.015636], [-118.239708, 34.014713], [-118.239653, 34.018002], [-118.262757, 34.027703], [-118.265436, 34.023412], [-118.274476, 34.027466], [-118.273579, 34.040328], [-118.271693, 34.044249], [-118.259321, 34.052361], [-118.247059, 34.064019], [-118.237063, 34.06845], [-118.233422, 34.074178], [-118.235887, 34.076371], [-118.235839, 34.079291], [-118.230782, 34.076198], [-118.229127, 34.071333], [-118.224793, 34.071974], [-118.227606, 34.083083], [-118.224479, 34.082275], [-118.222437, 34.083835]]]}}, {"id": "178", "type": "Feature", "properties": {"STATEFP20": "06", "PUMACE20": "03741", "GEOID20": "0603741", "NAMELSAD20": "Los Angeles County (Central)--Bell Gardens, Bell, Maywood, Cudahy & Commerce Cities PUMA", "MTFCC20": "G6120", "FUNCSTAT20": "S", "ALAND20": 35885427, "AWATER20": 456047, "INTPTLAT20": "+33.9844402", "INTPTLON20": "-118.1647577", "GEOID10": "0603741"}, "geometry": {"type": "Polygon", "coordinates": [[[-118.184471, 33.994266], [-118.175569, 33.986709], [-118.172554, 33.986482], [-118.177351, 33.991105], [-118.175967, 33.99255], [-118.177772, 33.997015], [-118.175121, 33.998103], [-118.17139, 33.996922], [-118.170122, 33.999547], [-118.193474, 34.009516], [-118.191416, 34.012859], [-118.192231, 34.016546], [-118.181294, 34.015665], [-118.181247, 34.011878], [-118.17591, 34.011411], [-118.175897, 34.018273], [-118.158658, 34.010719], [-118.15365, 34.01963], [-118.146238, 34.018076], [-118.147544, 34.009768], [-118.127079, 34.007359], [-118.129822, 34.002419], [-118.128224, 34.001751], [-118.129858, 33.993048], [-118.125231, 33.991168], [-118.128542, 33.985536], [-118.133302, 33.987127], [-118.134219, 33.985656], [-118.121284, 33.972968], [-118.125463, 33.971102], [-118.134328, 33.970381], [-118.139652, 33.963457], [-118.158604, 33.951894], [-118.173418, 33.954347], [-118.173152, 33.95632], [-118.177642, 33.957721], [-118.179522, 33.957918], [-118.179757, 33.956485], [-118.178438, 33.956347], [-118.179653, 33.955099], [-118.18528, 33.955637], [-118.200324, 33.968263], [-118.202027, 33.970644], [-118.199612, 33.970393], [-118.199735, 33.971559], [-118.202692, 33.971862], [-118.203786, 33.975775], [-118.206106, 33.976022], [-118.20624, 33.979572], [-118.202356, 33.979663], [-118.202581, 33.982569], [-118.189767, 33.981867], [-118.189033, 33.986376], [-118.204503, 33.988995], [-118.204661, 33.996646], [-118.184471, 33.994266]]]}}, {"id": "179", "type": "Feature", "properties": {"STATEFP20": "06", "PUMACE20": "03743", "GEOID20": "0603743", "NAMELSAD20": "Los Angeles County (Central)--East Los Angeles PUMA", "MTFCC20": "G6120", "FUNCSTAT20": "S", "ALAND20": 18584959, "AWATER20": 0, "INTPTLAT20": "+34.0324070", "INTPTLON20": "-118.1695998", "GEOID10": "0603743"}, "geometry": {"type": "Polygon", "coordinates": [[[-118.167037, 34.04424], [-118.161914, 34.044214], [-118.162088, 34.033342], [-118.14416, 34.033463], [-118.143939, 34.026518], [-118.145195, 34.02506], [-118.129688, 34.015695], [-118.130016, 34.014604], [-118.126782, 34.013924], [-118.127569, 34.008047], [-118.147544, 34.009768], [-118.146238, 34.018076], [-118.15365, 34.01963], [-118.158658, 34.010719], [-118.175897, 34.018273], [-118.17591, 34.011411], [-118.181247, 34.011878], [-118.181294, 34.015665], [-118.192231, 34.016546], [-118.192377, 34.033233], [-118.191269, 34.033613], [-118.192384, 34.034002], [-118.192625, 34.061762], [-118.169259, 34.06229], [-118.169272, 34.048354], [-118.168026, 34.048353], [-118.169594, 34.044197], [-118.167037, 34.04424]]]}}, {"id": "181", "type": "Feature", "properties": {"STATEFP20": "06", "PUMACE20": "03772", "GEOID20": "0603772", "NAMELSAD20": "Los Angeles County (North/Unincorporated)--Castaic PUMA", "MTFCC20": "G6120", "FUNCSTAT20": "S", "ALAND20": 3933455787, "AWATER20": 28303657, "INTPTLAT20": "+34.6041047", "INTPTLON20": "-118.2392130", "GEOID10": "0603772"}, "geometry": {"type": "Polygon", "coordinates": [[[-118.146207, 34.762444], [-118.139926, 34.762592], [-118.140075, 34.820851], [-117.987678, 34.822625], [-117.667459, 34.822528], [-117.667121, 34.557906], [-117.660401, 34.557892], [-117.659757, 34.452769], [-117.655235, 34.397222], [-117.658625, 34.397086], [-117.658517, 34.404259], [-117.675934, 34.404369], [-117.676088, 34.426055], [-117.764157, 34.426132], [-117.76427, 34.424674], [-117.766673, 34.424244], [-117.870242, 34.424656], [-117.870306, 34.42642], [-117.888796, 34.426458], [-117.891278, 34.421193], [-117.896611, 34.426403], [-117.92173, 34.426104], [-117.921769, 34.430503], [-117.923142, 34.431643], [-117.93906, 34.431791], [-117.939298, 34.439077], [-117.96684, 34.438963], [-117.969319, 34.43777], [-117.972656, 34.439703], [-117.973958, 34.437824], [-117.973148, 34.436162], [-117.975709, 34.435433], [-117.974299, 34.432304], [-117.976245, 34.430945], [-117.973575, 34.427919], [-117.971083, 34.43026], [-117.971207, 34.424385], [-117.972572, 34.423567], [-117.970994, 34.42159], [-117.972104, 34.416045], [-117.968407, 34.411572], [-117.967064, 34.403402], [-117.969253, 34.401003], [-117.968322, 34.397871], [-117.975647, 34.391717], [-117.975669, 34.387529], [-117.972519, 34.385897], [-117.97348, 34.383433], [-117.971817, 34.383951], [-117.970542, 34.381983], [-117.972229, 34.381212], [-117.972122, 34.378317], [-117.979431, 34.376231], [-117.982116, 34.370505], [-117.986931, 34.367171], [-117.998413, 34.370443], [-118.009598, 34.364793], [-118.017512, 34.364247], [-118.02013, 34.370336], [-118.024916, 34.369959], [-118.029498, 34.366169], [-118.031702, 34.366858], [-118.031597, 34.371116], [-118.037776, 34.378375], [-118.038715, 34.376659], [-118.040754, 34.377591], [-118.042767, 34.376343], [-118.047446, 34.381347], [-118.054878, 34.381635], [-118.060657, 34.38374], [-118.070133, 34.382156], [-118.069995, 34.382883], [-118.068852, 34.383291], [-118.067725, 34.384251], [-118.067587, 34.384845], [-118.071214, 34.382841], [-118.076005, 34.38379], [-118.079817, 34.382347], [-118.073842, 34.386086], [-118.081508, 34.386833], [-118.079444, 34.389179], [-118.082182, 34.39062], [-118.079767, 34.395611], [-118.080945, 34.400219], [-118.084063, 34.399547], [-118.090166, 34.402497], [-118.093696, 34.400237], [-118.102028, 34.399988], [-118.104967, 34.398036], [-118.107029, 34.394348], [-118.110672, 34.393074], [-118.119045, 34.385954], [-118.119218, 34.382267], [-118.121278, 34.379485], [-118.122753, 34.381135], [-118.128972, 34.382056], [-118.13265, 34.379464], [-118.139533, 34.377873], [-118.142486, 34.374808], [-118.149782, 34.375922], [-118.151655, 34.378814], [-118.155625, 34.380261], [-118.163768, 34.378755], [-118.163913, 34.374282], [-118.168783, 34.376164], [-118.168872, 34.377465], [-118.172189, 34.376945], [-118.171077, 34.375633], [-118.172647, 34.371023], [-118.180779, 34.374141], [-118.184203, 34.379709], [-118.19119, 34.381466], [-118.192152, 34.380143], [-118.195508, 34.380467], [-118.194958, 34.377782], [-118.198018, 34.378294], [-118.204515, 34.375572], [-118.21038, 34.377213], [-118.21326, 34.374797], [-118.215276, 34.376862], [-118.220301, 34.377023], [-118.220781, 34.379263], [-118.227614, 34.375697], [-118.231663, 34.379618], [-118.239872, 34.376724], [-118.240464, 34.374644], [-118.243329, 34.376021], [-118.248721, 34.373542], [-118.249489, 34.374726], [-118.252321, 34.374199], [-118.253474, 34.375895], [-118.257043, 34.3754], [-118.257539, 34.377496], [-118.254866, 34.377193], [-118.253043, 34.379913], [-118.248339, 34.379402], [-118.25208, 34.382755], [-118.251549, 34.386989], [-118.25309, 34.390716], [-118.251213, 34.393515], [-118.255121, 34.391989], [-118.253175, 34.394763], [-118.255982, 34.394266], [-118.257659, 34.396982], [-118.259759, 34.396581], [-118.263482, 34.399437], [-118.269935, 34.398331], [-118.26946, 34.391804], [-118.273289, 34.395874], [-118.28141, 34.393944], [-118.280876, 34.395124], [-118.28524, 34.396434], [-118.300275, 34.392282], [-118.30177, 34.389367], [-118.314409, 34.388423], [-118.314068, 34.389847], [-118.315738, 34.389829], [-118.317903, 34.384251], [-118.325597, 34.385224], [-118.329471, 34.381733], [-118.335445, 34.38075], [-118.336703, 34.377787], [-118.341486, 34.376], [-118.337628, 34.375193], [-118.352757, 34.368526], [-118.352465, 34.366547], [-118.364306, 34.362037], [-118.36665, 34.358915], [-118.371158, 34.362177], [-118.376502, 34.362273], [-118.377934, 34.365073], [-118.379446, 34.36485], [-118.377986, 34.363658], [-118.379382, 34.362335], [-118.385205, 34.361036], [-118.385596, 34.359263], [-118.386282, 34.360769], [-118.392035, 34.360746], [-118.38638, 34.363291], [-118.389836, 34.36337], [-118.397097, 34.367564], [-118.400269, 34.376806], [-118.403109, 34.38045], [-118.405605, 34.380727], [-118.398051, 34.381786], [-118.397588, 34.427004], [-118.404211, 34.425629], [-118.404197, 34.428386], [-118.390981, 34.433772], [-118.382206, 34.432338], [-118.378353, 34.435231], [-118.366718, 34.438761], [-118.364203, 34.437718], [-118.362914, 34.433277], [-118.358736, 34.433103], [-118.355445, 34.431065], [-118.349866, 34.431935], [-118.339198, 34.437744], [-118.333833, 34.438648], [-118.333079, 34.450549], [-118.334196, 34.454559], [-118.328495, 34.461487], [-118.331816, 34.47179], [-118.329886, 34.475583], [-118.330739, 34.485471], [-118.339264, 34.483923], [-118.349656, 34.47746], [-118.354085, 34.476809], [-118.367609, 34.478722], [-118.373509, 34.482801], [-118.379087, 34.48073], [-118.384485, 34.481847], [-118.440338, 34.481271], [-118.440095, 34.495931], [-118.457989, 34.495932], [-118.460361, 34.492291], [-118.466119, 34.495889], [-118.466149, 34.488249], [-118.467862, 34.487169], [-118.474901, 34.488926], [-118.475161, 34.48119], [-118.495983, 34.481574], [-118.502483, 34.482396], [-118.502496, 34.485296], [-118.49823, 34.485207], [-118.498212, 34.488879], [-118.493912, 34.488787], [-118.493807, 34.49613], [-118.511324, 34.496271], [-118.51135, 34.488951], [-118.520137, 34.48893], [-118.520197, 34.481658], [-118.53138, 34.48169], [-118.542502, 34.484482], [-118.542062, 34.494663], [-118.537856, 34.503936], [-118.551796, 34.503902], [-118.552056, 34.495297], [-118.557722, 34.490194], [-118.558663, 34.486599], [-118.562508, 34.485528], [-118.563558, 34.482409], [-118.566201, 34.481548], [-118.565884, 34.478761], [-118.570793, 34.470667], [-118.574972, 34.468038], [-118.573573, 34.467881], [-118.574516, 34.461314], [-118.581287, 34.461003], [-118.586825, 34.455738], [-118.584333, 34.45401], [-118.581334, 34.447459], [-118.603666, 34.447062], [-118.605922, 34.449453], [-118.613168, 34.449686], [-118.60912, 34.445295], [-118.597179, 34.438922], [-118.586351, 34.429258], [-118.572682, 34.400445], [-118.566737, 34.381207], [-118.552454, 34.357167], [-118.546862, 34.3523], [-118.534338, 34.347228], [-118.528053, 34.342392], [-118.517141, 34.339279], [-118.508341, 34.33389], [-118.534011, 34.314531], [-118.546296, 34.317332], [-118.545511, 34.315658], [-118.547095, 34.313346], [-118.543672, 34.305715], [-118.544296, 34.30394], [-118.540821, 34.298814], [-118.554034, 34.296414], [-118.557391, 34.299243], [-118.559767, 34.299192], [-118.568708, 34.294639], [-118.571762, 34.298619], [-118.585091, 34.303478], [-118.588101, 34.302925], [-118.592653, 34.28722], [-118.591997, 34.279185], [-118.596208, 34.274521], [-118.607336, 34.277744], [-118.625212, 34.275033], [-118.633461, 34.269522], [-118.636789, 34.291804], [-118.894634, 34.817972], [-118.880416, 34.817843], [-118.884197, 34.813358], [-118.881933, 34.807658], [-118.876722, 34.803203], [-118.866173, 34.803099], [-118.854114, 34.803279], [-118.854009, 34.817758], [-118.326281, 34.819726], [-118.324287, 34.665029], [-118.329637, 34.662693], [-118.319001, 34.659485], [-118.315689, 34.655482], [-118.312495, 34.656155], [-118.287655, 34.645475], [-118.23606, 34.645605], [-118.236306, 34.626481], [-118.233661, 34.622169], [-118.233364, 34.616448], [-118.223934, 34.617589], [-118.218635, 34.614904], [-118.218621, 34.613604], [-118.223835, 34.615927], [-118.227486, 34.615396], [-118.227379, 34.609171], [-118.218572, 34.609113], [-118.218494, 34.601858], [-118.227254, 34.601892], [-118.226829, 34.594635], [-118.235571, 34.594662], [-118.235489, 34.598968], [-118.244827, 34.601018], [-118.255947, 34.606884], [-118.265282, 34.609474], [-118.265255, 34.606762], [-118.262337, 34.606753], [-118.262319, 34.604039], [-118.271037, 34.604075], [-118.270918, 34.5913], [-118.266529, 34.591319], [-118.266478, 34.587663], [-118.26143, 34.587699], [-118.261464, 34.583744], [-118.274655, 34.583757], [-118.27459, 34.587395], [-118.283317, 34.587471], [-118.283355, 34.583755], [-118.287703, 34.583752], [-118.287605, 34.558176], [-118.254677, 34.558304], [-118.255505, 34.539293], [-118.220247, 34.53909], [-118.220182, 34.542752], [-118.19823, 34.542587], [-118.198225, 34.546263], [-118.193891, 34.54616], [-118.19395, 34.55735], [-118.20002, 34.558303], [-118.183796, 34.558266], [-118.153176, 34.526334], [-118.145325, 34.519976], [-118.143038, 34.519728], [-118.142548, 34.518293], [-118.146333, 34.516906], [-118.146288, 34.513327], [-118.143046, 34.509355], [-118.136586, 34.506012], [-118.127699, 34.505716], [-118.118625, 34.502186], [-118.111466, 34.50923], [-118.10872, 34.510051], [-118.105602, 34.514837], [-118.090363, 34.523265], [-118.089828, 34.526002], [-118.092203, 34.528077], [-118.082525, 34.537946], [-118.070732, 34.52866], [-118.055844, 34.527633], [-118.030496, 34.514717], [-118.030366, 34.505927], [-118.022824, 34.509858], [-118.022092, 34.511705], [-118.004228, 34.512825], [-118.001788, 34.527701], [-117.99778, 34.530274], [-117.993737, 34.537364], [-117.978956, 34.553016], [-117.977953, 34.557945], [-117.880619, 34.557942], [-117.880701, 34.616712], [-117.916319, 34.616707], [-117.916313, 34.660606], [-118.058872, 34.660616], [-118.05924, 34.689939], [-118.076974, 34.689894], [-118.077145, 34.71899], [-118.139434, 34.718665], [-118.146207, 34.762444]]]}}, {"id": "195", "type": "Feature", "properties": {"STATEFP20": "06", "PUMACE20": "03773", "GEOID20": "0603773", "NAMELSAD20": "Los Angeles County (Northwest)--Santa Clarita City (North) PUMA", "MTFCC20": "G6120", "FUNCSTAT20": "S", "ALAND20": 119749220, "AWATER20": 88034, "INTPTLAT20": "+34.4568390", "INTPTLON20": "-118.5062265", "GEOID10": "0603773"}, "geometry": {"type": "Polygon", "coordinates": [[[-118.448793, 34.425457], [-118.453026, 34.421406], [-118.45754, 34.412531], [-118.466095, 34.411287], [-118.474102, 34.412605], [-118.483322, 34.419909], [-118.487582, 34.421453], [-118.50557, 34.419698], [-118.515383, 34.415223], [-118.52155, 34.414549], [-118.525822, 34.415757], [-118.532525, 34.42106], [-118.54091, 34.422584], [-118.542082, 34.419674], [-118.540985, 34.413489], [-118.543794, 34.414228], [-118.541202, 34.411053], [-118.539872, 34.404372], [-118.551506, 34.402586], [-118.55968, 34.413102], [-118.562951, 34.412603], [-118.567179, 34.40878], [-118.57616, 34.408367], [-118.587008, 34.43016], [-118.597179, 34.438922], [-118.609854, 34.445836], [-118.613168, 34.449686], [-118.605922, 34.449453], [-118.603666, 34.447062], [-118.581334, 34.447459], [-118.584333, 34.45401], [-118.586825, 34.455738], [-118.581287, 34.461003], [-118.574516, 34.461314], [-118.573573, 34.467881], [-118.574972, 34.468038], [-118.570793, 34.470667], [-118.565884, 34.478761], [-118.566201, 34.481548], [-118.563558, 34.482409], [-118.562508, 34.485528], [-118.558663, 34.486599], [-118.557722, 34.490194], [-118.552056, 34.495297], [-118.551796, 34.503902], [-118.537856, 34.503936], [-118.542062, 34.494663], [-118.542502, 34.484482], [-118.53138, 34.48169], [-118.520197, 34.481658], [-118.520137, 34.48893], [-118.51135, 34.488951], [-118.511324, 34.496271], [-118.502496, 34.496326], [-118.493807, 34.49613], [-118.493912, 34.488787], [-118.498212, 34.488879], [-118.49823, 34.485207], [-118.502496, 34.485296], [-118.502483, 34.482396], [-118.475161, 34.48119], [-118.474901, 34.488926], [-118.467862, 34.487169], [-118.466149, 34.488249], [-118.466119, 34.495889], [-118.460361, 34.492291], [-118.457989, 34.495932], [-118.440095, 34.495931], [-118.440338, 34.481271], [-118.388273, 34.481243], [-118.392049, 34.473272], [-118.397774, 34.46886], [-118.410096, 34.464652], [-118.413565, 34.461948], [-118.426943, 34.446312], [-118.433425, 34.436004], [-118.441318, 34.432213], [-118.448793, 34.425457]]]}}, {"id": "209", "type": "Feature", "properties": {"STATEFP20": "06", "PUMACE20": "03775", "GEOID20": "0603775", "NAMELSAD20": "Los Angeles County (Central)--LA City (Central) PUMA", "MTFCC20": "G6120", "FUNCSTAT20": "S", "ALAND20": 81040487, "AWATER20": 843799, "INTPTLAT20": "+34.1232494", "INTPTLON20": "-118.4284462", "GEOID10": "0603775"}, "geometry": {"type": "Polygon", "coordinates": [[[-118.380092, 34.157637], [-118.378996, 34.157638], [-118.37899, 34.154093], [-118.375627, 34.15296], [-118.34974, 34.153432], [-118.34323, 34.138214], [-118.349034, 34.130939], [-118.341746, 34.123377], [-118.341824, 34.120393], [-118.344244, 34.119461], [-118.342308, 34.116589], [-118.346936, 34.118277], [-118.347739, 34.12025], [-118.353081, 34.119559], [-118.359318, 34.122885], [-118.357979, 34.123844], [-118.36109, 34.128105], [-118.373382, 34.131002], [-118.371317, 34.126821], [-118.373892, 34.1267], [-118.375305, 34.123538], [-118.37283, 34.121214], [-118.375731, 34.119355], [-118.374201, 34.114816], [-118.380234, 34.114502], [-118.383362, 34.112589], [-118.386971, 34.11415], [-118.400073, 34.110935], [-118.398672, 34.108752], [-118.401038, 34.108744], [-118.400888, 34.093994], [-118.40532, 34.0963], [-118.40541, 34.101461], [-118.408694, 34.101508], [-118.408641, 34.097147], [-118.411751, 34.09225], [-118.413934, 34.094268], [-118.42274, 34.094315], [-118.422656, 34.090643], [-118.427041, 34.090631], [-118.426962, 34.083044], [-118.422778, 34.083093], [-118.42279, 34.079959], [-118.427079, 34.080764], [-118.429566, 34.079239], [-118.431845, 34.082316], [-118.434113, 34.082739], [-118.440142, 34.077761], [-118.444162, 34.076787], [-118.445574, 34.073647], [-118.448707, 34.073516], [-118.45372, 34.077005], [-118.461, 34.073137], [-118.464037, 34.074037], [-118.466494, 34.072855], [-118.474029, 34.08245], [-118.47615, 34.094945], [-118.478995, 34.098138], [-118.477772, 34.103719], [-118.48278, 34.11091], [-118.48255, 34.118636], [-118.47846, 34.124396], [-118.480295, 34.127871], [-118.479971, 34.132914], [-118.487013, 34.134382], [-118.488087, 34.136266], [-118.486832, 34.141717], [-118.488597, 34.142535], [-118.48691, 34.143154], [-118.486613, 34.145844], [-118.487839, 34.147021], [-118.485647, 34.146738], [-118.485554, 34.149873], [-118.483423, 34.151514], [-118.483624, 34.16518], [-118.475048, 34.165036], [-118.468119, 34.159464], [-118.460023, 34.159159], [-118.443345, 34.155098], [-118.380092, 34.157637]]]}}, {"id": "210", "type": "Feature", "properties": {"STATEFP20": "06", "PUMACE20": "03771", "GEOID20": "0603771", "NAMELSAD20": "Los Angeles County (Northwest)--Santa Clarita City (South) PUMA", "MTFCC20": "G6120", "FUNCSTAT20": "S", "ALAND20": 131470878, "AWATER20": 49652, "INTPTLAT20": "+34.4112219", "INTPTLON20": "-118.4535696", "GEOID10": "0603771"}, "geometry": {"type": "Polygon", "coordinates": [[[-118.404197, 34.428386], [-118.404211, 34.425629], [-118.397588, 34.427004], [-118.398051, 34.381786], [-118.405588, 34.38148], [-118.411712, 34.379243], [-118.413348, 34.381184], [-118.417392, 34.381065], [-118.424836, 34.376844], [-118.429274, 34.376364], [-118.437983, 34.378485], [-118.453909, 34.378433], [-118.464732, 34.380549], [-118.479127, 34.373423], [-118.483263, 34.37575], [-118.489864, 34.375119], [-118.493485, 34.377541], [-118.499045, 34.372586], [-118.505872, 34.360417], [-118.503701, 34.348131], [-118.506944, 34.338711], [-118.504007, 34.337157], [-118.508341, 34.33389], [-118.517141, 34.339279], [-118.528053, 34.342392], [-118.534338, 34.347228], [-118.546862, 34.3523], [-118.552454, 34.357167], [-118.566737, 34.381207], [-118.57616, 34.408367], [-118.567179, 34.40878], [-118.562951, 34.412603], [-118.55968, 34.413102], [-118.551506, 34.402586], [-118.541183, 34.40379], [-118.539872, 34.404372], [-118.540432, 34.408467], [-118.543794, 34.414228], [-118.540985, 34.413489], [-118.542082, 34.419674], [-118.54091, 34.422584], [-118.532311, 34.420971], [-118.522261, 34.414598], [-118.515383, 34.415223], [-118.50557, 34.419698], [-118.489344, 34.421615], [-118.483628, 34.420097], [-118.47306, 34.412145], [-118.466095, 34.411287], [-118.45754, 34.412531], [-118.452793, 34.421706], [-118.441318, 34.432213], [-118.433425, 34.436004], [-118.426943, 34.446312], [-118.414181, 34.461426], [-118.410096, 34.464652], [-118.396707, 34.469556], [-118.391281, 34.474219], [-118.388273, 34.481243], [-118.379087, 34.48073], [-118.37323, 34.482776], [-118.367609, 34.478722], [-118.354085, 34.476809], [-118.349656, 34.47746], [-118.339264, 34.483923], [-118.330739, 34.485471], [-118.329886, 34.475583], [-118.331816, 34.47179], [-118.328495, 34.461487], [-118.334196, 34.454559], [-118.333079, 34.450549], [-118.333833, 34.438648], [-118.339198, 34.437744], [-118.349866, 34.431935], [-118.355445, 34.431065], [-118.358736, 34.433103], [-118.362914, 34.433277], [-118.364203, 34.437718], [-118.366718, 34.438761], [-118.378353, 34.435231], [-118.382206, 34.432338], [-118.390981, 34.433772], [-118.404197, 34.428386]]]}}, {"id": "215", "type": "Feature", "properties": {"STATEFP20": "06", "PUMACE20": "03778", "GEOID20": "0603778", "NAMELSAD20": "Los Angeles County (Central)--Inglewood City PUMA", "MTFCC20": "G6120", "FUNCSTAT20": "S", "ALAND20": 23676493, "AWATER20": 63501, "INTPTLAT20": "+33.9560678", "INTPTLON20": "-118.3442743", "GEOID10": "0603778"}, "geometry": {"type": "Polygon", "coordinates": [[[-118.33521, 33.974447], [-118.335212, 33.972691], [-118.333024, 33.972696], [-118.33303, 33.967249], [-118.32648, 33.967267], [-118.326471, 33.970909], [-118.317747, 33.970923], [-118.317752, 33.930711], [-118.326245, 33.929187], [-118.32685, 33.925938], [-118.336311, 33.925757], [-118.337365, 33.929476], [-118.336297, 33.930943], [-118.343875, 33.930942], [-118.343902, 33.941833], [-118.369156, 33.941811], [-118.370057, 33.952672], [-118.378843, 33.952647], [-118.377932, 33.959675], [-118.371239, 33.963367], [-118.372897, 33.967607], [-118.370148, 33.967993], [-118.370341, 33.981636], [-118.335186, 33.981758], [-118.33521, 33.974447]]]}}, {"id": "229", "type": "Feature", "properties": {"STATEFP20": "06", "PUMACE20": "03779", "GEOID20": "0603779", "NAMELSAD20": "Los Angeles County (Southeast)--Long Beach City (East) PUMA", "MTFCC20": "G6120", "FUNCSTAT20": "S", "ALAND20": 46527653, "AWATER20": 11128390, "INTPTLAT20": "+33.7871993", "INTPTLON20": "-118.1200274", "GEOID10": "0603779"}, "geometry": {"type": "MultiPolygon", "coordinates": [[[[-118.167424, 33.723226], [-118.147469, 33.723216], [-118.136815, 33.723188], [-118.167465, 33.723086], [-118.167424, 33.723226]]], [[[-118.113046, 33.74709], [-118.124447, 33.729566], [-118.138088, 33.735104], [-118.142309, 33.733593], [-118.145315, 33.73772], [-118.162769, 33.739184], [-118.154575, 33.764584], [-118.154583, 33.77534], [-118.152412, 33.775331], [-118.152404, 33.782586], [-118.132555, 33.782587], [-118.134053, 33.78379], [-118.133917, 33.825055], [-118.151011, 33.825081], [-118.150978, 33.827547], [-118.154103, 33.827552], [-118.154104, 33.828977], [-118.15104, 33.829486], [-118.149951, 33.832378], [-118.142451, 33.832353], [-118.14243, 33.846725], [-118.124924, 33.847054], [-118.124983, 33.832437], [-118.081812, 33.83126], [-118.081703, 33.825083], [-118.074676, 33.823008], [-118.068721, 33.82402], [-118.068868, 33.822171], [-118.063268, 33.824107], [-118.06317, 33.819681], [-118.072833, 33.814856], [-118.084744, 33.80291], [-118.086228, 33.796879], [-118.096561, 33.779467], [-118.09706, 33.773723], [-118.092332, 33.764532], [-118.09197, 33.758472], [-118.113046, 33.74709]]]]}}, {"id": "233", "type": "Feature", "properties": {"STATEFP20": "06", "PUMACE20": "03782", "GEOID20": "0603782", "NAMELSAD20": "Los Angeles County (Southeast)--Bellflower & Paramount Cities PUMA", "MTFCC20": "G6120", "FUNCSTAT20": "S", "ALAND20": 28084520, "AWATER20": 414552, "INTPTLAT20": "+33.8932357", "INTPTLON20": "-118.1447268", "GEOID10": "0603782"}, "geometry": {"type": "Polygon", "coordinates": [[[-118.153502, 33.907371], [-118.142734, 33.902455], [-118.142404, 33.910453], [-118.138232, 33.908963], [-118.109355, 33.909816], [-118.108126, 33.902102], [-118.10853, 33.879448], [-118.10691, 33.872711], [-118.108536, 33.872715], [-118.108429, 33.865587], [-118.114279, 33.865574], [-118.114307, 33.868972], [-118.15124, 33.868916], [-118.151315, 33.881987], [-118.177427, 33.881952], [-118.177435, 33.885359], [-118.188047, 33.885443], [-118.186901, 33.892528], [-118.184331, 33.892552], [-118.184103, 33.889136], [-118.182402, 33.889106], [-118.179945, 33.892729], [-118.181593, 33.892623], [-118.182374, 33.896212], [-118.188149, 33.894716], [-118.187788, 33.903614], [-118.180781, 33.90872], [-118.178685, 33.91871], [-118.169281, 33.91477], [-118.173259, 33.911804], [-118.168395, 33.912147], [-118.16801, 33.914167], [-118.159019, 33.909917], [-118.156237, 33.917044], [-118.149222, 33.913704], [-118.153502, 33.907371]]]}}, {"id": "252", "type": "Feature", "properties": {"STATEFP20": "06", "PUMACE20": "03780", "GEOID20": "0603780", "NAMELSAD20": "Los Angeles County (Southeast)--Long Beach (Central) & Signal Hill Cities PUMA", "MTFCC20": "G6120", "FUNCSTAT20": "S", "ALAND20": 26064517, "AWATER20": 6155696, "INTPTLAT20": "+33.7870213", "INTPTLON20": "-118.1618505", "GEOID10": "0603780"}, "geometry": {"type": "Polygon", "coordinates": [[[-118.142553, 33.825095], [-118.133917, 33.825055], [-118.134053, 33.78379], [-118.132555, 33.782587], [-118.152404, 33.782586], [-118.152412, 33.775331], [-118.154583, 33.77534], [-118.154575, 33.764584], [-118.162769, 33.739184], [-118.165741, 33.739433], [-118.165187, 33.747139], [-118.175239, 33.75067], [-118.178856, 33.745623], [-118.175842, 33.723229], [-118.167465, 33.723086], [-118.180838, 33.723072], [-118.190055, 33.749519], [-118.188111, 33.750649], [-118.185695, 33.756905], [-118.179601, 33.759087], [-118.183853, 33.762956], [-118.180679, 33.77368], [-118.18066, 33.799798], [-118.181734, 33.804231], [-118.184582, 33.804331], [-118.18458, 33.81862], [-118.164643, 33.820047], [-118.164037, 33.827596], [-118.160853, 33.827577], [-118.157917, 33.825136], [-118.155958, 33.825138], [-118.155949, 33.827511], [-118.152127, 33.827551], [-118.150978, 33.827547], [-118.151011, 33.825081], [-118.142553, 33.825095]]]}}, {"id": "259", "type": "Feature", "properties": {"STATEFP20": "06", "PUMACE20": "03781", "GEOID20": "0603781", "NAMELSAD20": "Los Angeles County (Southeast)--Norwalk City PUMA", "MTFCC20": "G6120", "FUNCSTAT20": "S", "ALAND20": 26034849, "AWATER20": 165370, "INTPTLAT20": "+33.9076003", "INTPTLON20": "-118.0834525", "GEOID10": "0603781"}, "geometry": {"type": "Polygon", "coordinates": [[[-118.046898, 33.894359], [-118.061279, 33.902274], [-118.063955, 33.902271], [-118.063969, 33.895436], [-118.055357, 33.895061], [-118.055376, 33.887216], [-118.068476, 33.887559], [-118.068447, 33.885888], [-118.072825, 33.885833], [-118.072708, 33.880392], [-118.091086, 33.880326], [-118.091065, 33.878847], [-118.095439, 33.878485], [-118.095533, 33.887426], [-118.10816, 33.88694], [-118.108341, 33.906377], [-118.110973, 33.913782], [-118.111611, 33.922077], [-118.10654, 33.932028], [-118.100372, 33.939439], [-118.098855, 33.944247], [-118.088259, 33.929681], [-118.084145, 33.93348], [-118.082462, 33.933481], [-118.082375, 33.931683], [-118.07268, 33.931701], [-118.07259, 33.92807], [-118.063956, 33.929901], [-118.063816, 33.917088], [-118.060618, 33.917095], [-118.051036, 33.909755], [-118.05103, 33.90602], [-118.052819, 33.906001], [-118.053509, 33.902437], [-118.044454, 33.902488], [-118.044403, 33.898797], [-118.042216, 33.898811], [-118.042204, 33.895205], [-118.046898, 33.894359]]]}}, {"id": "266", "type": "Feature", "properties": {"STATEFP20": "06", "PUMACE20": "03774", "GEOID20": "0603774", "NAMELSAD20": "Los Angeles County--Calabasas, Agoura Hills, Malibu & Westlake Village Cities PUMA", "MTFCC20": "G6120", "FUNCSTAT20": "S", "ALAND20": 517000803, "AWATER20": 192216710, "INTPTLAT20": "+34.0588934", "INTPTLON20": "-118.7279930", "GEOID10": "0603774"}, "geometry": {"type": "Polygon", "coordinates": [[[-118.635977, 34.032554], [-118.628862, 33.986153], [-118.648348, 33.986729], [-118.666514, 33.980562], [-118.677017, 33.979268], [-118.689144, 33.97995], [-118.704574, 33.97784], [-118.727459, 33.980307], [-118.735528, 33.977035], [-118.746391, 33.975501], [-118.754411, 33.967792], [-118.779039, 33.954527], [-118.792126, 33.949519], [-118.803613, 33.94724], [-118.824893, 33.949042], [-118.841116, 33.955371], [-118.856846, 33.96597], [-118.873998, 33.983314], [-118.887301, 33.987223], [-118.931653, 33.99211], [-118.951721, 33.992858], [-118.940965, 34.07483], [-118.788889, 34.168214], [-118.668152, 34.168195], [-118.668153, 34.17675], [-118.658589, 34.176749], [-118.658629, 34.16944], [-118.654264, 34.169427], [-118.654281, 34.165722], [-118.645534, 34.165696], [-118.645553, 34.161985], [-118.641975, 34.161975], [-118.639735, 34.159091], [-118.641276, 34.156633], [-118.638483, 34.157597], [-118.632162, 34.150525], [-118.630255, 34.150381], [-118.628992, 34.147273], [-118.614971, 34.147277], [-118.614978, 34.149267], [-118.565316, 34.130383], [-118.560048, 34.130021], [-118.557217, 34.126567], [-118.553816, 34.128663], [-118.554828, 34.12691], [-118.55356, 34.126037], [-118.546207, 34.126079], [-118.542059, 34.127543], [-118.539417, 34.131153], [-118.536166, 34.130268], [-118.534813, 34.13165], [-118.534054, 34.129902], [-118.532661, 34.130953], [-118.531871, 34.129644], [-118.52182, 34.127995], [-118.513001, 34.129031], [-118.508522, 34.131122], [-118.503891, 34.127689], [-118.502287, 34.130493], [-118.501235, 34.129029], [-118.490667, 34.131223], [-118.480521, 34.129853], [-118.47846, 34.124396], [-118.48255, 34.118636], [-118.482813, 34.111097], [-118.477772, 34.103719], [-118.478995, 34.098138], [-118.47615, 34.094945], [-118.474157, 34.082765], [-118.455455, 34.060066], [-118.458781, 34.058073], [-118.465336, 34.066989], [-118.466731, 34.067708], [-118.468893, 34.065871], [-118.467953, 34.06091], [-118.459221, 34.050785], [-118.47096, 34.041276], [-118.477869, 34.046379], [-118.483766, 34.04143], [-118.494468, 34.05056], [-118.503965, 34.040724], [-118.507555, 34.04007], [-118.508672, 34.032975], [-118.519421, 34.023543], [-118.546074, 34.036308], [-118.556773, 34.035276], [-118.567281, 34.03841], [-118.583083, 34.033355], [-118.596306, 34.03548], [-118.608493, 34.032547], [-118.623601, 34.033757], [-118.635977, 34.032554]]]}}, {"id": "277", "type": "Feature", "properties": {"STATEFP20": "06", "PUMACE20": "03776", "GEOID20": "0603776", "NAMELSAD20": "Los Angeles County (West Central)--LA City (Central/Westwood & West Los Angeles) PUMA", "MTFCC20": "G6120", "FUNCSTAT20": "S", "ALAND20": 20034933, "AWATER20": 3875, "INTPTLAT20": "+34.0533977", "INTPTLON20": "-118.4433451", "GEOID10": "0603776"}, "geometry": {"type": "Polygon", "coordinates": [[[-118.439512, 34.022256], [-118.444914, 34.019945], [-118.443517, 34.016576], [-118.453065, 34.02804], [-118.457138, 34.029736], [-118.457704, 34.031638], [-118.459175, 34.031328], [-118.470888, 34.041334], [-118.459221, 34.050785], [-118.467953, 34.06091], [-118.468893, 34.065871], [-118.466731, 34.067708], [-118.465336, 34.066989], [-118.458781, 34.058073], [-118.455455, 34.060066], [-118.466494, 34.072855], [-118.464037, 34.074037], [-118.461, 34.073137], [-118.45372, 34.077005], [-118.448707, 34.073516], [-118.445574, 34.073647], [-118.444162, 34.076787], [-118.440142, 34.077761], [-118.433855, 34.082749], [-118.429566, 34.079239], [-118.427079, 34.080764], [-118.423023, 34.079931], [-118.423289, 34.075689], [-118.420928, 34.075428], [-118.418462, 34.072361], [-118.414344, 34.064324], [-118.426992, 34.055631], [-118.423688, 34.048597], [-118.439753, 34.039088], [-118.429918, 34.026861], [-118.439512, 34.022256]]]}}, {"id": "280", "type": "Feature", "properties": {"STATEFP20": "06", "PUMACE20": "03770", "GEOID20": "0603770", "NAMELSAD20": "Los Angeles County (West Central)--LA City (West Los Angeles, Century City & Palms) PUMA", "MTFCC20": "G6120", "FUNCSTAT20": "S", "ALAND20": 21039659, "AWATER20": 37183, "INTPTLAT20": "+34.0281697", "INTPTLON20": "-118.4220006", "GEOID10": "0603770"}, "geometry": {"type": "Polygon", "coordinates": [[[-118.401584, 34.056915], [-118.39908, 34.057096], [-118.399106, 34.054948], [-118.400981, 34.054365], [-118.400641, 34.046311], [-118.399317, 34.046067], [-118.397379, 34.037478], [-118.39985, 34.031384], [-118.403202, 34.029546], [-118.395051, 34.029109], [-118.390469, 34.03101], [-118.38776, 34.029064], [-118.39835, 34.022917], [-118.397455, 34.021662], [-118.398796, 34.020862], [-118.401285, 34.021087], [-118.400476, 34.019897], [-118.40546, 34.016854], [-118.406864, 34.018574], [-118.421411, 34.010324], [-118.417344, 34.006749], [-118.421249, 34.004422], [-118.418239, 34.000619], [-118.4204, 33.998688], [-118.42598, 33.99807], [-118.428489, 34.001344], [-118.442457, 33.993599], [-118.44335, 33.995317], [-118.44017, 33.99694], [-118.441966, 33.999298], [-118.446258, 33.997142], [-118.455999, 34.009943], [-118.443426, 34.016625], [-118.444914, 34.019945], [-118.429918, 34.026861], [-118.439753, 34.039088], [-118.423688, 34.048597], [-118.426992, 34.055631], [-118.414344, 34.064324], [-118.406106, 34.052781], [-118.405922, 34.057104], [-118.401584, 34.056915]]]}}]}